condition,dataset,geometry,force_rmse_mean_N,Fx_RMSE,Fy_RMSE,Fz_RMSE,Fn_RMSE,Ft_RMSE,Fmag_RMSE,slip_f1
separate_baseline,flat_batch_1_val,flat,0.036304593086242676,0.030316820368170738,0.03700205683708191,0.04159490391612053,0.04159490764141083,0.03783925250172615,0.0476333349943161,0.9500609013398295
separate_baseline,flat_batch_2_val,flat,0.03161157667636871,0.040668074041604996,0.03398085758090019,0.0201858002692461,0.020185798406600952,0.04345091059803963,0.035508058965206146,0.974169741697417
separate_baseline,sharp_batch_1_val,sharp,0.028077708557248116,0.03459983691573143,0.028068918734788895,0.021564370021224022,0.02156437188386917,0.035751987248659134,0.0332123301923275,0.9815573770491803
separate_baseline,sharp_batch_2_val,sharp,0.06221060827374458,0.0857512578368187,0.07475221157073975,0.02612835355103016,0.026128355413675308,0.078461654484272,0.051926299929618835,0.9718969555035128
separate_baseline,sphere_batch_1_val,sphere,0.019395163282752037,0.021327227354049683,0.02148873172700405,0.015369527973234653,0.015369531698524952,0.02703666128218174,0.0244972575455904,0.9698890649762282
separate_baseline,sphere_batch_2_val,sphere,0.018533309921622276,0.015533018857240677,0.019831467419862747,0.020235441625118256,0.020235447213053703,0.021505672484636307,0.02423325926065445,0.9852941176470589
separate_baseline,sphere_batch_3_val,sphere,0.02039782889187336,0.023664982989430428,0.01862340047955513,0.018905099481344223,0.018905097618699074,0.023105494678020477,0.022828083485364914,0.9763513513513513
separate_baseline,sphere_batch_4_val,sphere,0.023884734138846397,0.026228388771414757,0.022839529439806938,0.0225862804800272,0.022586289793252945,0.029038095846772194,0.027488242834806442,0.9852348993288591
separate_baseline,sphere_batch_5_val,sphere,0.03194645047187805,0.0262241642922163,0.03506183996796608,0.034553349018096924,0.034553371369838715,0.0318387895822525,0.04272312670946121,0.9676375404530745
separate_baseline,sphere_batch_6_val,sphere,0.022906681522727013,0.022581743076443672,0.023594897240400314,0.022543402388691902,0.02254340425133705,0.02787916734814644,0.027561303228139877,0.9688385269121813
naive_shared_multitask,flat_batch_1_val,flat,0.04317467287182808,0.03353896364569664,0.04527268186211586,0.05071238428354263,0.05071241408586502,0.040842507034540176,0.055702921003103256,0.9797979797979798
naive_shared_multitask,flat_batch_2_val,flat,0.03930671140551567,0.042965278029441833,0.037656720727682114,0.03729813173413277,0.03729814291000366,0.03973957523703575,0.043602850288152695,0.9762796504369539
naive_shared_multitask,sharp_batch_1_val,sharp,0.03296300768852234,0.03610061854124069,0.034821223467588425,0.027967184782028198,0.027967194095253944,0.035672131925821304,0.03702319413423538,0.9845201238390093
naive_shared_multitask,sharp_batch_2_val,sharp,0.06033870950341225,0.09216459095478058,0.05446339026093483,0.03438815847039223,0.03438815101981163,0.05605006590485573,0.05454843491315842,0.9810874704491725
naive_shared_multitask,sphere_batch_1_val,sphere,0.022310176864266396,0.02491670288145542,0.02167547680437565,0.020338352769613266,0.020338350906968117,0.028474142774939537,0.027183974161744118,0.9760765550239234
naive_shared_multitask,sphere_batch_2_val,sphere,0.024497417733073235,0.019385889172554016,0.02219848334789276,0.03190787881612778,0.03190787509083748,0.02462928183376789,0.03558221459388733,0.985207100591716
naive_shared_multitask,sphere_batch_3_val,sphere,0.027244077995419502,0.030605942010879517,0.025178736075758934,0.025947557762265205,0.025947557762265205,0.03230535611510277,0.03420914337038994,0.9647058823529412
naive_shared_multitask,sphere_batch_4_val,sphere,0.02738340198993683,0.027333620935678482,0.025598328560590744,0.02921825647354126,0.02921825274825096,0.031018653884530067,0.03561979904770851,0.983957219251337
naive_shared_multitask,sphere_batch_5_val,sphere,0.03254223242402077,0.02864936552941799,0.026593992486596107,0.0423833392560482,0.04238332808017731,0.03310253098607063,0.04865138605237007,0.9737704918032787
naive_shared_multitask,sphere_batch_6_val,sphere,0.036100175231695175,0.02470206655561924,0.033656105399131775,0.04994234815239906,0.049942340701818466,0.03323861211538315,0.05459233745932579,0.9727403156384505
partially_shared_lambda_0.25,flat_batch_1_val,flat,0.04165155068039894,0.027939170598983765,0.044892024248838425,0.05212344974279404,0.05212346464395523,0.04390007629990578,0.05901511386036873,0.9810366624525917
partially_shared_lambda_0.25,flat_batch_2_val,flat,0.032603006809949875,0.03433141112327576,0.0379602424800396,0.025517363101243973,0.025517353788018227,0.03890540078282356,0.0361890010535717,0.9775
partially_shared_lambda_0.25,sharp_batch_1_val,sharp,0.02720648981630802,0.031978707760572433,0.026708975434303284,0.022931791841983795,0.022931789979338646,0.03202633559703827,0.03222442418336868,0.9815195071868583
partially_shared_lambda_0.25,sharp_batch_2_val,sharp,0.05329952761530876,0.0735887661576271,0.056590836495161057,0.029718976467847824,0.029718972742557526,0.0651487335562706,0.0556117482483387,0.9702734839476813
partially_shared_lambda_0.25,sphere_batch_1_val,sphere,0.02133454941213131,0.024418454617261887,0.02149369940161705,0.018091490492224693,0.018091490492224693,0.02767549455165863,0.025494616478681564,0.9792663476874003
partially_shared_lambda_0.25,sphere_batch_2_val,sphere,0.0203640628606081,0.01890471950173378,0.021859895437955856,0.020327571779489517,0.020327573642134666,0.025708496570587158,0.026866141706705093,0.9823008849557522
partially_shared_lambda_0.25,sphere_batch_3_val,sphere,0.022587435320019722,0.02377573400735855,0.02341386303305626,0.020572712644934654,0.020572710782289505,0.029125748202204704,0.029783139005303383,0.9730639730639731
partially_shared_lambda_0.25,sphere_batch_4_val,sphere,0.023320717737078667,0.02150803618133068,0.023219261318445206,0.025234853848814964,0.025234853848814964,0.026691986247897148,0.030435854569077492,0.983957219251337
partially_shared_lambda_0.25,sphere_batch_5_val,sphere,0.029752448201179504,0.026570774614810944,0.030515942722558975,0.03217063099145889,0.03217063471674919,0.03686623275279999,0.04304124414920807,0.9660743134087237
partially_shared_lambda_0.25,sphere_batch_6_val,sphere,0.023497924208641052,0.018525203689932823,0.028213202953338623,0.02375536412000656,0.023755362257361412,0.02928893081843853,0.03108721785247326,0.9726618705035971
consistency_decoder,flat_batch_1_val,flat,0.05004793405532837,0.03227071836590767,0.04956672340631485,0.06830636411905289,0.06830636411905289,0.03894725814461708,0.07104698568582535,0.9798488664987406
consistency_decoder,flat_batch_2_val,flat,0.037695419043302536,0.04174141213297844,0.040117863565683365,0.031226973980665207,0.031226977705955505,0.042952463030815125,0.04260252043604851,0.9798994974874372
consistency_decoder,sharp_batch_1_val,sharp,0.03335690125823021,0.038320206105709076,0.03613441437482834,0.02561608888208866,0.025616083294153214,0.0359635055065155,0.03680618107318878,0.9825282631038027
consistency_decoder,sharp_batch_2_val,sharp,0.049580167979002,0.07049272209405899,0.04521160572767258,0.03303617238998413,0.033036187291145325,0.0493568517267704,0.050030097365379333,0.9822064056939501
consistency_decoder,sphere_batch_1_val,sphere,0.02108025550842285,0.02149776741862297,0.022545533254742622,0.019197460263967514,0.019197463989257812,0.02570977993309498,0.025700118392705917,0.9839228295819936
consistency_decoder,sphere_batch_2_val,sphere,0.022847874090075493,0.01904163509607315,0.023563534021377563,0.025938449427485466,0.02593844383955002,0.02482226863503456,0.029923785477876663,0.985207100591716
consistency_decoder,sphere_batch_3_val,sphere,0.022168854251503944,0.022525358945131302,0.022619051858782768,0.02136215567588806,0.021362150087952614,0.02357501909136772,0.026235239580273628,0.9780033840947546
consistency_decoder,sphere_batch_4_val,sphere,0.026922978460788727,0.026427121832966805,0.025988027453422546,0.02835378795862198,0.028353778645396233,0.03029409423470497,0.032764799892902374,0.9852348993288591
consistency_decoder,sphere_batch_5_val,sphere,0.031130149960517883,0.028580281883478165,0.028460847213864326,0.03634931519627571,0.036349307745695114,0.03379172831773758,0.044685013592243195,0.9786535303776683
consistency_decoder,sphere_batch_6_val,sphere,0.02800326608121395,0.0221398938447237,0.027597887441515923,0.03427201882004738,0.034272003918886185,0.027691295370459557,0.038002919405698776,0.9825581395348837
decoupled_multitask,flat_batch_1_val,flat,0.03795689344406128,0.023960016667842865,0.03362560272216797,0.056285060942173004,0.05628504604101181,0.0337914302945137,0.05973820015788078,0.9533169533169533
decoupled_multitask,flat_batch_2_val,flat,0.031726446002721786,0.03461011126637459,0.03191345930099487,0.028655769303441048,0.028655769303441048,0.039197757840156555,0.039479900151491165,0.9480048367593712
decoupled_multitask,sharp_batch_1_val,sharp,0.02742893062531948,0.028145084157586098,0.028923945501446724,0.02521776221692562,0.025217771530151367,0.0339505597949028,0.03537430986762047,0.9717171717171718
decoupled_multitask,sharp_batch_2_val,sharp,0.05289587751030922,0.059907589107751846,0.0714225322008133,0.027357516810297966,0.027357516810297966,0.07430198043584824,0.06420248001813889,0.9675925925925926
decoupled_multitask,sphere_batch_1_val,sphere,0.017205357551574707,0.01930820569396019,0.01855004020035267,0.013757823966443539,0.013757825829088688,0.02387995272874832,0.02086050808429718,0.9700787401574803
decoupled_multitask,sphere_batch_2_val,sphere,0.018831394612789154,0.015604573301970959,0.016288863494992256,0.024600746110081673,0.024600734934210777,0.01862623356282711,0.0267921332269907,0.9710144927536232
decoupled_multitask,sphere_batch_3_val,sphere,0.01777889020740986,0.019438041374087334,0.017491044476628304,0.016407588496804237,0.016407594084739685,0.020822180435061455,0.020402755588293076,0.9649415692821369
decoupled_multitask,sphere_batch_4_val,sphere,0.02265741676092148,0.022647187113761902,0.021653836593031883,0.0236712247133255,0.023671220988035202,0.027610085904598236,0.030128484591841698,0.9734748010610079
decoupled_multitask,sphere_batch_5_val,sphere,0.03241497650742531,0.029870690777897835,0.026696065440773964,0.04067818075418472,0.04067818447947502,0.035892222076654434,0.050695303827524185,0.9583333333333334
decoupled_multitask,sphere_batch_6_val,sphere,0.023084135726094246,0.01828906498849392,0.027604401111602783,0.023358942940831184,0.02335895411670208,0.029546348378062248,0.02991335652768612,0.9744318181818182
joint_lightweight_force_slip_future,flat_batch_1_val,flat,0.07778634876012802,0.057387400418519974,0.0862327292561531,0.08973889797925949,0.0897388756275177,0.07498174160718918,0.10301683843135834,
joint_lightweight_force_slip_future,flat_batch_2_val,flat,0.08307287842035294,0.08174340426921844,0.07952231168746948,0.08795292675495148,0.08795294910669327,0.0855700746178627,0.11112286895513535,
joint_lightweight_force_slip_future,sharp_batch_1_val,sharp,0.06973671913146973,0.08113422244787216,0.07615828514099121,0.05191764235496521,0.05191764235496521,0.0859019085764885,0.0817645788192749,
joint_lightweight_force_slip_future,sharp_batch_2_val,sharp,0.11696507781744003,0.12709282338619232,0.15184909105300903,0.07195331156253815,0.07195332646369934,0.12128721922636032,0.10575597733259201,
joint_lightweight_force_slip_future,sphere_batch_1_val,sphere,0.052741121500730515,0.04305058345198631,0.06628657877445221,0.048886194825172424,0.04888619855046272,0.05119539797306061,0.05679774656891823,
joint_lightweight_force_slip_future,sphere_batch_2_val,sphere,0.05024636909365654,0.04654020443558693,0.06013193354010582,0.04406696930527687,0.044066961854696274,0.06109469756484032,0.059834666550159454,
joint_lightweight_force_slip_future,sphere_batch_3_val,sphere,0.05951396003365517,0.060308437794446945,0.06967837363481522,0.048555079847574234,0.04855507239699364,0.07300049066543579,0.06524872779846191,
joint_lightweight_force_slip_future,sphere_batch_4_val,sphere,0.07153838127851486,0.0726458728313446,0.07193828374147415,0.07003100216388702,0.0700310543179512,0.07663547247648239,0.08689156174659729,
joint_lightweight_force_slip_future,sphere_batch_5_val,sphere,0.07368895411491394,0.0635913610458374,0.0651368796825409,0.09233862161636353,0.09233862906694412,0.07085997611284256,0.10515281558036804,
joint_lightweight_force_slip_future,sphere_batch_6_val,sphere,0.05618049576878548,0.041751693934202194,0.08019522577524185,0.046594567596912384,0.046594589948654175,0.07876560837030411,0.06594237685203552,
