frame_id,timestamp,action_stage,side,sensor_id,tactile_rgb_path,camera_depth_path,camera_rgb_path,robot_state_index,contact_detected,success_label,failure_reason
frame_000001,2026-05-03T17:05:12.471Z,reset,left,left,/home/zjy/Documents/grasp/tactile_grasp/artifacts/phase3/phase3_cube_0010/tactile/left_frame_000001_tactile_rgb.npy,/home/zjy/Documents/grasp/tactile_grasp/artifacts/phase3/phase3_cube_0010/tactile/left_frame_000001_camera_depth.npy,,0,False,,
frame_000002,2026-05-03T17:05:12.471Z,reset,right,right,/home/zjy/Documents/grasp/tactile_grasp/artifacts/phase3/phase3_cube_0010/tactile/right_frame_000002_tactile_rgb.npy,/home/zjy/Documents/grasp/tactile_grasp/artifacts/phase3/phase3_cube_0010/tactile/right_frame_000002_camera_depth.npy,,0,False,,
frame_000003,2026-05-03T17:05:12.562Z,reset,left,left,/home/zjy/Documents/grasp/tactile_grasp/artifacts/phase3/phase3_cube_0010/tactile/left_frame_000003_tactile_rgb.npy,/home/zjy/Documents/grasp/tactile_grasp/artifacts/phase3/phase3_cube_0010/tactile/left_frame_000003_camera_depth.npy,,1,False,,
frame_000004,2026-05-03T17:05:12.562Z,reset,right,right,/home/zjy/Documents/grasp/tactile_grasp/artifacts/phase3/phase3_cube_0010/tactile/right_frame_000004_tactile_rgb.npy,/home/zjy/Documents/grasp/tactile_grasp/artifacts/phase3/phase3_cube_0010/tactile/right_frame_000004_camera_depth.npy,,1,False,,
frame_000005,2026-05-03T17:05:12.843Z,pre_grasp,left,left,/home/zjy/Documents/grasp/tactile_grasp/artifacts/phase3/phase3_cube_0010/tactile/left_frame_000005_tactile_rgb.npy,/home/zjy/Documents/grasp/tactile_grasp/artifacts/phase3/phase3_cube_0010/tactile/left_frame_000005_camera_depth.npy,,2,False,,
frame_000006,2026-05-03T17:05:12.843Z,pre_grasp,right,right,/home/zjy/Documents/grasp/tactile_grasp/artifacts/phase3/phase3_cube_0010/tactile/right_frame_000006_tactile_rgb.npy,/home/zjy/Documents/grasp/tactile_grasp/artifacts/phase3/phase3_cube_0010/tactile/right_frame_000006_camera_depth.npy,,2,False,,
frame_000007,2026-05-03T17:05:12.979Z,pre_grasp,left,left,/home/zjy/Documents/grasp/tactile_grasp/artifacts/phase3/phase3_cube_0010/tactile/left_frame_000007_tactile_rgb.npy,/home/zjy/Documents/grasp/tactile_grasp/artifacts/phase3/phase3_cube_0010/tactile/left_frame_000007_camera_depth.npy,,3,False,,
frame_000008,2026-05-03T17:05:12.979Z,pre_grasp,right,right,/home/zjy/Documents/grasp/tactile_grasp/artifacts/phase3/phase3_cube_0010/tactile/right_frame_000008_tactile_rgb.npy,/home/zjy/Documents/grasp/tactile_grasp/artifacts/phase3/phase3_cube_0010/tactile/right_frame_000008_camera_depth.npy,,3,False,,
frame_000009,2026-05-03T17:05:13.239Z,pre_grasp,left,left,/home/zjy/Documents/grasp/tactile_grasp/artifacts/phase3/phase3_cube_0010/tactile/left_frame_000009_tactile_rgb.npy,/home/zjy/Documents/grasp/tactile_grasp/artifacts/phase3/phase3_cube_0010/tactile/left_frame_000009_camera_depth.npy,,4,True,,
frame_000010,2026-05-03T17:05:13.239Z,pre_grasp,right,right,/home/zjy/Documents/grasp/tactile_grasp/artifacts/phase3/phase3_cube_0010/tactile/right_frame_000010_tactile_rgb.npy,/home/zjy/Documents/grasp/tactile_grasp/artifacts/phase3/phase3_cube_0010/tactile/right_frame_000010_camera_depth.npy,,4,True,,
frame_000011,2026-05-03T17:05:13.548Z,pre_grasp,left,left,/home/zjy/Documents/grasp/tactile_grasp/artifacts/phase3/phase3_cube_0010/tactile/left_frame_000011_tactile_rgb.npy,/home/zjy/Documents/grasp/tactile_grasp/artifacts/phase3/phase3_cube_0010/tactile/left_frame_000011_camera_depth.npy,,5,False,,
frame_000012,2026-05-03T17:05:13.548Z,pre_grasp,right,right,/home/zjy/Documents/grasp/tactile_grasp/artifacts/phase3/phase3_cube_0010/tactile/right_frame_000012_tactile_rgb.npy,/home/zjy/Documents/grasp/tactile_grasp/artifacts/phase3/phase3_cube_0010/tactile/right_frame_000012_camera_depth.npy,,5,False,,
frame_000013,2026-05-03T17:05:13.841Z,pre_grasp,left,left,/home/zjy/Documents/grasp/tactile_grasp/artifacts/phase3/phase3_cube_0010/tactile/left_frame_000013_tactile_rgb.npy,/home/zjy/Documents/grasp/tactile_grasp/artifacts/phase3/phase3_cube_0010/tactile/left_frame_000013_camera_depth.npy,,6,False,,
frame_000014,2026-05-03T17:05:13.841Z,pre_grasp,right,right,/home/zjy/Documents/grasp/tactile_grasp/artifacts/phase3/phase3_cube_0010/tactile/right_frame_000014_tactile_rgb.npy,/home/zjy/Documents/grasp/tactile_grasp/artifacts/phase3/phase3_cube_0010/tactile/right_frame_000014_camera_depth.npy,,6,False,,
frame_000015,2026-05-03T17:05:13.938Z,pre_grasp,left,left,/home/zjy/Documents/grasp/tactile_grasp/artifacts/phase3/phase3_cube_0010/tactile/left_frame_000015_tactile_rgb.npy,/home/zjy/Documents/grasp/tactile_grasp/artifacts/phase3/phase3_cube_0010/tactile/left_frame_000015_camera_depth.npy,,7,False,,
frame_000016,2026-05-03T17:05:13.938Z,pre_grasp,right,right,/home/zjy/Documents/grasp/tactile_grasp/artifacts/phase3/phase3_cube_0010/tactile/right_frame_000016_tactile_rgb.npy,/home/zjy/Documents/grasp/tactile_grasp/artifacts/phase3/phase3_cube_0010/tactile/right_frame_000016_camera_depth.npy,,7,False,,
frame_000017,2026-05-03T17:05:14.237Z,contact_close,left,left,/home/zjy/Documents/grasp/tactile_grasp/artifacts/phase3/phase3_cube_0010/tactile/left_frame_000017_tactile_rgb.npy,/home/zjy/Documents/grasp/tactile_grasp/artifacts/phase3/phase3_cube_0010/tactile/left_frame_000017_camera_depth.npy,,8,False,,
frame_000018,2026-05-03T17:05:14.237Z,contact_close,right,right,/home/zjy/Documents/grasp/tactile_grasp/artifacts/phase3/phase3_cube_0010/tactile/right_frame_000018_tactile_rgb.npy,/home/zjy/Documents/grasp/tactile_grasp/artifacts/phase3/phase3_cube_0010/tactile/right_frame_000018_camera_depth.npy,,8,False,,
frame_000019,2026-05-03T17:05:14.538Z,contact_close,left,left,/home/zjy/Documents/grasp/tactile_grasp/artifacts/phase3/phase3_cube_0010/tactile/left_frame_000019_tactile_rgb.npy,/home/zjy/Documents/grasp/tactile_grasp/artifacts/phase3/phase3_cube_0010/tactile/left_frame_000019_camera_depth.npy,,9,False,,
frame_000020,2026-05-03T17:05:14.538Z,contact_close,right,right,/home/zjy/Documents/grasp/tactile_grasp/artifacts/phase3/phase3_cube_0010/tactile/right_frame_000020_tactile_rgb.npy,/home/zjy/Documents/grasp/tactile_grasp/artifacts/phase3/phase3_cube_0010/tactile/right_frame_000020_camera_depth.npy,,9,False,,
frame_000021,2026-05-03T17:05:14.835Z,contact_close,left,left,/home/zjy/Documents/grasp/tactile_grasp/artifacts/phase3/phase3_cube_0010/tactile/left_frame_000021_tactile_rgb.npy,/home/zjy/Documents/grasp/tactile_grasp/artifacts/phase3/phase3_cube_0010/tactile/left_frame_000021_camera_depth.npy,,10,False,,
frame_000022,2026-05-03T17:05:14.835Z,contact_close,right,right,/home/zjy/Documents/grasp/tactile_grasp/artifacts/phase3/phase3_cube_0010/tactile/right_frame_000022_tactile_rgb.npy,/home/zjy/Documents/grasp/tactile_grasp/artifacts/phase3/phase3_cube_0010/tactile/right_frame_000022_camera_depth.npy,,10,False,,
frame_000023,2026-05-03T17:05:15.023Z,contact_close,left,left,/home/zjy/Documents/grasp/tactile_grasp/artifacts/phase3/phase3_cube_0010/tactile/left_frame_000023_tactile_rgb.npy,/home/zjy/Documents/grasp/tactile_grasp/artifacts/phase3/phase3_cube_0010/tactile/left_frame_000023_camera_depth.npy,,11,True,,
frame_000024,2026-05-03T17:05:15.023Z,contact_close,right,right,/home/zjy/Documents/grasp/tactile_grasp/artifacts/phase3/phase3_cube_0010/tactile/right_frame_000024_tactile_rgb.npy,/home/zjy/Documents/grasp/tactile_grasp/artifacts/phase3/phase3_cube_0010/tactile/right_frame_000024_camera_depth.npy,,11,True,,
frame_000025,2026-05-03T17:05:15.233Z,contact_close,left,left,/home/zjy/Documents/grasp/tactile_grasp/artifacts/phase3/phase3_cube_0010/tactile/left_frame_000025_tactile_rgb.npy,/home/zjy/Documents/grasp/tactile_grasp/artifacts/phase3/phase3_cube_0010/tactile/left_frame_000025_camera_depth.npy,,12,True,,
frame_000026,2026-05-03T17:05:15.233Z,contact_close,right,right,/home/zjy/Documents/grasp/tactile_grasp/artifacts/phase3/phase3_cube_0010/tactile/right_frame_000026_tactile_rgb.npy,/home/zjy/Documents/grasp/tactile_grasp/artifacts/phase3/phase3_cube_0010/tactile/right_frame_000026_camera_depth.npy,,12,True,,
frame_000027,2026-05-03T17:05:15.523Z,contact_close,left,left,/home/zjy/Documents/grasp/tactile_grasp/artifacts/phase3/phase3_cube_0010/tactile/left_frame_000027_tactile_rgb.npy,/home/zjy/Documents/grasp/tactile_grasp/artifacts/phase3/phase3_cube_0010/tactile/left_frame_000027_camera_depth.npy,,13,True,,
frame_000028,2026-05-03T17:05:15.523Z,contact_close,right,right,/home/zjy/Documents/grasp/tactile_grasp/artifacts/phase3/phase3_cube_0010/tactile/right_frame_000028_tactile_rgb.npy,/home/zjy/Documents/grasp/tactile_grasp/artifacts/phase3/phase3_cube_0010/tactile/right_frame_000028_camera_depth.npy,,13,True,,
frame_000029,2026-05-03T17:05:15.751Z,contact_close,left,left,/home/zjy/Documents/grasp/tactile_grasp/artifacts/phase3/phase3_cube_0010/tactile/left_frame_000029_tactile_rgb.npy,/home/zjy/Documents/grasp/tactile_grasp/artifacts/phase3/phase3_cube_0010/tactile/left_frame_000029_camera_depth.npy,,14,True,,
frame_000030,2026-05-03T17:05:15.751Z,contact_close,right,right,/home/zjy/Documents/grasp/tactile_grasp/artifacts/phase3/phase3_cube_0010/tactile/right_frame_000030_tactile_rgb.npy,/home/zjy/Documents/grasp/tactile_grasp/artifacts/phase3/phase3_cube_0010/tactile/right_frame_000030_camera_depth.npy,,14,True,,
frame_000031,2026-05-03T17:05:15.898Z,hold,left,left,/home/zjy/Documents/grasp/tactile_grasp/artifacts/phase3/phase3_cube_0010/tactile/left_frame_000031_tactile_rgb.npy,/home/zjy/Documents/grasp/tactile_grasp/artifacts/phase3/phase3_cube_0010/tactile/left_frame_000031_camera_depth.npy,,15,True,,
frame_000032,2026-05-03T17:05:15.898Z,hold,right,right,/home/zjy/Documents/grasp/tactile_grasp/artifacts/phase3/phase3_cube_0010/tactile/right_frame_000032_tactile_rgb.npy,/home/zjy/Documents/grasp/tactile_grasp/artifacts/phase3/phase3_cube_0010/tactile/right_frame_000032_camera_depth.npy,,15,True,,
frame_000033,2026-05-03T17:05:16.192Z,hold,left,left,/home/zjy/Documents/grasp/tactile_grasp/artifacts/phase3/phase3_cube_0010/tactile/left_frame_000033_tactile_rgb.npy,/home/zjy/Documents/grasp/tactile_grasp/artifacts/phase3/phase3_cube_0010/tactile/left_frame_000033_camera_depth.npy,,16,True,,
frame_000034,2026-05-03T17:05:16.192Z,hold,right,right,/home/zjy/Documents/grasp/tactile_grasp/artifacts/phase3/phase3_cube_0010/tactile/right_frame_000034_tactile_rgb.npy,/home/zjy/Documents/grasp/tactile_grasp/artifacts/phase3/phase3_cube_0010/tactile/right_frame_000034_camera_depth.npy,,16,True,,
frame_000035,2026-05-03T17:05:16.482Z,hold,left,left,/home/zjy/Documents/grasp/tactile_grasp/artifacts/phase3/phase3_cube_0010/tactile/left_frame_000035_tactile_rgb.npy,/home/zjy/Documents/grasp/tactile_grasp/artifacts/phase3/phase3_cube_0010/tactile/left_frame_000035_camera_depth.npy,,17,True,,
frame_000036,2026-05-03T17:05:16.482Z,hold,right,right,/home/zjy/Documents/grasp/tactile_grasp/artifacts/phase3/phase3_cube_0010/tactile/right_frame_000036_tactile_rgb.npy,/home/zjy/Documents/grasp/tactile_grasp/artifacts/phase3/phase3_cube_0010/tactile/right_frame_000036_camera_depth.npy,,17,True,,
frame_000037,2026-05-03T17:05:16.763Z,hold,left,left,/home/zjy/Documents/grasp/tactile_grasp/artifacts/phase3/phase3_cube_0010/tactile/left_frame_000037_tactile_rgb.npy,/home/zjy/Documents/grasp/tactile_grasp/artifacts/phase3/phase3_cube_0010/tactile/left_frame_000037_camera_depth.npy,,18,False,,
frame_000038,2026-05-03T17:05:16.763Z,hold,right,right,/home/zjy/Documents/grasp/tactile_grasp/artifacts/phase3/phase3_cube_0010/tactile/right_frame_000038_tactile_rgb.npy,/home/zjy/Documents/grasp/tactile_grasp/artifacts/phase3/phase3_cube_0010/tactile/right_frame_000038_camera_depth.npy,,18,False,,
frame_000039,2026-05-03T17:05:17.051Z,hold,left,left,/home/zjy/Documents/grasp/tactile_grasp/artifacts/phase3/phase3_cube_0010/tactile/left_frame_000039_tactile_rgb.npy,/home/zjy/Documents/grasp/tactile_grasp/artifacts/phase3/phase3_cube_0010/tactile/left_frame_000039_camera_depth.npy,,19,False,,
frame_000040,2026-05-03T17:05:17.051Z,hold,right,right,/home/zjy/Documents/grasp/tactile_grasp/artifacts/phase3/phase3_cube_0010/tactile/right_frame_000040_tactile_rgb.npy,/home/zjy/Documents/grasp/tactile_grasp/artifacts/phase3/phase3_cube_0010/tactile/right_frame_000040_camera_depth.npy,,19,False,,
frame_000041,2026-05-03T17:05:17.348Z,hold,left,left,/home/zjy/Documents/grasp/tactile_grasp/artifacts/phase3/phase3_cube_0010/tactile/left_frame_000041_tactile_rgb.npy,/home/zjy/Documents/grasp/tactile_grasp/artifacts/phase3/phase3_cube_0010/tactile/left_frame_000041_camera_depth.npy,,20,False,,
frame_000042,2026-05-03T17:05:17.348Z,hold,right,right,/home/zjy/Documents/grasp/tactile_grasp/artifacts/phase3/phase3_cube_0010/tactile/right_frame_000042_tactile_rgb.npy,/home/zjy/Documents/grasp/tactile_grasp/artifacts/phase3/phase3_cube_0010/tactile/right_frame_000042_camera_depth.npy,,20,False,,
frame_000043,2026-05-03T17:05:17.585Z,hold,left,left,/home/zjy/Documents/grasp/tactile_grasp/artifacts/phase3/phase3_cube_0010/tactile/left_frame_000043_tactile_rgb.npy,/home/zjy/Documents/grasp/tactile_grasp/artifacts/phase3/phase3_cube_0010/tactile/left_frame_000043_camera_depth.npy,,21,False,,
frame_000044,2026-05-03T17:05:17.585Z,hold,right,right,/home/zjy/Documents/grasp/tactile_grasp/artifacts/phase3/phase3_cube_0010/tactile/right_frame_000044_tactile_rgb.npy,/home/zjy/Documents/grasp/tactile_grasp/artifacts/phase3/phase3_cube_0010/tactile/right_frame_000044_camera_depth.npy,,21,False,,
frame_000045,2026-05-03T17:05:17.734Z,release,left,left,/home/zjy/Documents/grasp/tactile_grasp/artifacts/phase3/phase3_cube_0010/tactile/left_frame_000045_tactile_rgb.npy,/home/zjy/Documents/grasp/tactile_grasp/artifacts/phase3/phase3_cube_0010/tactile/left_frame_000045_camera_depth.npy,,22,False,,
frame_000046,2026-05-03T17:05:17.734Z,release,right,right,/home/zjy/Documents/grasp/tactile_grasp/artifacts/phase3/phase3_cube_0010/tactile/right_frame_000046_tactile_rgb.npy,/home/zjy/Documents/grasp/tactile_grasp/artifacts/phase3/phase3_cube_0010/tactile/right_frame_000046_camera_depth.npy,,22,False,,
frame_000047,2026-05-03T17:05:18.035Z,release,left,left,/home/zjy/Documents/grasp/tactile_grasp/artifacts/phase3/phase3_cube_0010/tactile/left_frame_000047_tactile_rgb.npy,/home/zjy/Documents/grasp/tactile_grasp/artifacts/phase3/phase3_cube_0010/tactile/left_frame_000047_camera_depth.npy,,23,False,,
frame_000048,2026-05-03T17:05:18.035Z,release,right,right,/home/zjy/Documents/grasp/tactile_grasp/artifacts/phase3/phase3_cube_0010/tactile/right_frame_000048_tactile_rgb.npy,/home/zjy/Documents/grasp/tactile_grasp/artifacts/phase3/phase3_cube_0010/tactile/right_frame_000048_camera_depth.npy,,23,False,,
frame_000049,2026-05-03T17:05:18.345Z,release,left,left,/home/zjy/Documents/grasp/tactile_grasp/artifacts/phase3/phase3_cube_0010/tactile/left_frame_000049_tactile_rgb.npy,/home/zjy/Documents/grasp/tactile_grasp/artifacts/phase3/phase3_cube_0010/tactile/left_frame_000049_camera_depth.npy,,24,False,,
frame_000050,2026-05-03T17:05:18.345Z,release,right,right,/home/zjy/Documents/grasp/tactile_grasp/artifacts/phase3/phase3_cube_0010/tactile/right_frame_000050_tactile_rgb.npy,/home/zjy/Documents/grasp/tactile_grasp/artifacts/phase3/phase3_cube_0010/tactile/right_frame_000050_camera_depth.npy,,24,False,,
frame_000051,2026-05-03T17:05:18.580Z,release,left,left,/home/zjy/Documents/grasp/tactile_grasp/artifacts/phase3/phase3_cube_0010/tactile/left_frame_000051_tactile_rgb.npy,/home/zjy/Documents/grasp/tactile_grasp/artifacts/phase3/phase3_cube_0010/tactile/left_frame_000051_camera_depth.npy,,25,False,,
frame_000052,2026-05-03T17:05:18.580Z,release,right,right,/home/zjy/Documents/grasp/tactile_grasp/artifacts/phase3/phase3_cube_0010/tactile/right_frame_000052_tactile_rgb.npy,/home/zjy/Documents/grasp/tactile_grasp/artifacts/phase3/phase3_cube_0010/tactile/right_frame_000052_camera_depth.npy,,25,False,,
frame_000053,2026-05-03T17:05:18.669Z,end_trial,left,left,/home/zjy/Documents/grasp/tactile_grasp/artifacts/phase3/phase3_cube_0010/tactile/left_frame_000053_tactile_rgb.npy,/home/zjy/Documents/grasp/tactile_grasp/artifacts/phase3/phase3_cube_0010/tactile/left_frame_000053_camera_depth.npy,,26,False,,
frame_000054,2026-05-03T17:05:18.669Z,end_trial,right,right,/home/zjy/Documents/grasp/tactile_grasp/artifacts/phase3/phase3_cube_0010/tactile/right_frame_000054_tactile_rgb.npy,/home/zjy/Documents/grasp/tactile_grasp/artifacts/phase3/phase3_cube_0010/tactile/right_frame_000054_camera_depth.npy,,26,False,,
