sequence,object,side,window_type,range,n_frames,p_slip_current_mean,p_instability_H1_mean,p_instability_H3_mean,p_instability_H5_mean
banana_1,banana,left,slip,30-33,4,0.3099287406730582,0.7427660822868347,0.8345097303390503,0.8694076091051102
banana_1,banana,left,stable,40-70,31,0.0006364761033065377,0.3429668276540695,0.5440508780940887,0.6418048489478326
banana_1,banana,right,slip,28-32,5,0.6404838020855095,0.9413235545158386,0.9586275458335877,0.9601725339889526
banana_1,banana,right,stable,40-70,31,0.08854844815082728,0.7823426934980577,0.8431873802215822,0.856469044762273
banana_2,banana,left,slip,33-40,8,0.9337000846862793,0.9551610350608826,0.9667463824152946,0.9642413109540939
banana_2,banana,left,stable,60-90,31,0.7203845533752634,0.9164891319890176,0.946096254933265,0.9481777087334664
banana_2,banana,right,slip,29-40,12,0.885589265730232,0.9152063926060995,0.9399942507346472,0.9483622958262762
banana_2,banana,right,stable,60-90,31,0.2940995891788794,0.7352217724246364,0.8434457452066483,0.8639888724973125
cucumber_1,cucumber,left,slip,35-75,41,0.838228254578808,0.957257504870252,0.9732324902604266,0.9740773119577547
cucumber_1,cucumber,right,slip,48-73,26,0.9835023811230292,0.9907597097066733,0.9932900323317602,0.9914546586000003
cucumber_2,cucumber,left,slip,39-52,14,0.8618623419398708,0.9391619733401707,0.9587067450795855,0.9614594238145011
cucumber_2,cucumber,right,slip,38-51,14,0.9962837398052216,0.9789902823311942,0.9813601757798877,0.9782137615340096
cucumber_3,cucumber,left,slip,40-62,23,0.5914712701399011,0.9569369917330535,0.9682952865310337,0.9667643101319022
cucumber_3,cucumber,left,stable,80-110,31,0.025088781505943306,0.9071626182525389,0.9422085900460521,0.9439530045755448
cucumber_3,cucumber,right,slip,41-64,24,0.9358138769554595,0.9645147522290548,0.9786419173081716,0.9779297113418579
cucumber_3,cucumber,right,stable,80-110,31,0.03925123442745497,0.5788221051616054,0.7161673730419528,0.7620519322733725
hammer_1,hammer,left,slip,50-80,31,0.9999341310993317,0.9901538337430646,0.9671528531659034,0.9679536877139923
hammer_1,hammer,right,slip,50-80,31,0.9999957776838734,0.9981051125834065,0.9935733272183326,0.9933324994579438
hammer_2,hammer,left,slip,34-44,11,0.9952287186275829,0.9866082614118402,0.9626175598664717,0.9646827686916698
hammer_2,hammer,left,stable,90-116,27,0.7231657328429045,0.9710142590381481,0.9354186852773031,0.9426570976222003
hammer_2,hammer,right,slip,34-41,8,0.9999760687351227,0.9953484311699867,0.9856599345803261,0.9847857430577278
hammer_2,hammer,right,stable,90-116,27,0.41854129842034093,0.9593172404501173,0.9319558563055815,0.9386394178425824
hammer_3,hammer,left,slip,40-70,31,0.9999300433743384,0.9914616615541519,0.9750230350802022,0.9752371830324973
hammer_3,hammer,right,slip,40-70,31,0.9999975735141385,0.9977996445471241,0.994085838717799,0.9940373609142918
lemon_1,lemon,left,slip,34-37,4,0.6038568305957597,0.9266190677881241,0.9541092067956924,0.9549231380224228
lemon_1,lemon,left,stable,50-80,31,0.0005271686140106119,0.66656901567213,0.7850140909994802,0.80829878007212
lemon_1,lemon,right,slip,31-34,4,0.4999121908986126,0.8536469489336014,0.9236212223768234,0.9310632050037384
lemon_1,lemon,right,stable,50-80,31,0.007234544748620641,0.7687126167358891,0.8872732673921893,0.8987358616244409
lemon_2,lemon,left,slip,31-37,7,0.6019256020995921,0.9587370753288269,0.8658243758337838,0.882182742868151
lemon_2,lemon,left,stable,60-90,31,4.399750938436257e-05,0.9119505978399708,0.7779886107290944,0.8044791163936738
lemon_2,lemon,right,slip,28-35,8,0.577252867560901,0.9470864906907082,0.849873848259449,0.8667137175798416
lemon_2,lemon,right,stable,60-90,31,2.9083592380629852e-05,0.90393889334894,0.7702420238525637,0.7932813552118116
lemon_3,lemon,left,slip,28-35,8,0.6614010507728381,0.9335380718111992,0.8505994156002998,0.8714281246066093
lemon_3,lemon,left,stable,70-100,31,0.0003128793961819141,0.838765517357857,0.7279927769014912,0.7642843627160595
lemon_3,lemon,right,slip,28-35,8,0.49659793707087374,0.9557360857725143,0.8889517784118652,0.9033074527978897
lemon_3,lemon,right,stable,70-100,31,0.00013871051264539993,0.9268927016565877,0.8316122601109166,0.8519214103298802
lemon_4,lemon,left,slip,36-41,6,0.9508696794509888,0.9904525776704153,0.9544061024983724,0.9607153038183848
lemon_4,lemon,left,stable,70-100,31,0.00019423766277595274,0.8941453849115679,0.7740757599953683,0.8019890150716228
lemon_4,lemon,right,slip,36-41,6,0.8845179378986359,0.982330729564031,0.9267522891362509,0.9367167154947916
lemon_4,lemon,right,stable,70-100,31,0.0009607906085288813,0.848854164923391,0.7028380555491294,0.7382275058377173
lemon_5,lemon,left,slip,34-41,8,0.6474383126369503,0.9710656479001045,0.8956122919917107,0.906142108142376
lemon_5,lemon,left,stable,70-100,31,6.155827190189982e-05,0.9512510318909922,0.8433568323812177,0.8572891739106947
lemon_5,lemon,right,slip,34-41,8,0.9993089288473129,0.992920495569706,0.9568995758891106,0.961895652115345
lemon_5,lemon,right,stable,70-100,31,4.3227190490729444e-05,0.9317309164231823,0.8223072501920885,0.8373333504123073
