score,threshold,n,n_stable,n_slip,stable_mean,slip_mean,gap,accuracy,balanced_accuracy,precision,recall,f1,stable_accuracy,slip_recall,auroc,auprc,tp,fp,tn,fn,subset
p_slip_current,0.5,931,550,381,0.12241873372802564,0.8771507221033403,0.7547319883753147,0.878625134264232,0.8803364352183249,0.8268292682926829,0.889763779527559,0.857142857142857,0.8709090909090909,0.889763779527559,0.9370508231925555,0.9479746454490517,339,71,479,42,overall
p_slip_current,0.6,931,550,381,0.12241873372802564,0.8771507221033403,0.7547319883753147,0.8861439312567132,0.8858935814841327,0.8446115288220551,0.884514435695538,0.8641025641025641,0.8872727272727273,0.884514435695538,0.9370508231925555,0.9479746454490517,337,62,488,44,overall
p_slip_current,0.7,931,550,381,0.12241873372802564,0.8771507221033403,0.7547319883753147,0.8958109559613319,0.8924624194702935,0.8717277486910995,0.8740157480314961,0.872870249017038,0.9109090909090909,0.8740157480314961,0.9370508231925555,0.9479746454490517,333,49,501,48,overall
p_slip_current,0.75,931,550,381,0.12241873372802564,0.8771507221033403,0.7547319883753147,0.9172932330827067,0.9098377475542829,0.9245810055865922,0.868766404199475,0.8958051420838972,0.9509090909090909,0.868766404199475,0.9370508231925555,0.9479746454490517,331,27,523,50,overall
p_slip_current,0.8,931,550,381,0.12241873372802564,0.8771507221033403,0.7547319883753147,0.9237379162191193,0.9144858029109997,0.9454022988505747,0.863517060367454,0.9026063100137175,0.9654545454545455,0.863517060367454,0.9370508231925555,0.9479746454490517,329,19,531,52,overall
p_slip_current,0.85,931,550,381,0.12241873372802564,0.8771507221033403,0.7547319883753147,0.9194414607948442,0.9084299689811501,0.95,0.847769028871391,0.8959778085991678,0.9690909090909091,0.847769028871391,0.9370508231925555,0.9479746454490517,323,17,533,58,overall
p_slip_current,0.9,931,550,381,0.12241873372802564,0.8771507221033403,0.7547319883753147,0.920515574650913,0.9073228346456692,0.9665653495440729,0.8346456692913385,0.895774647887324,0.98,0.8346456692913385,0.9370508231925555,0.9479746454490517,318,11,539,63,overall
p_slip_current,0.92,931,550,381,0.12241873372802564,0.8771507221033403,0.7547319883753147,0.9183673469387755,0.9038916726318301,0.9721362229102167,0.8241469816272966,0.8920454545454545,0.9836363636363636,0.8241469816272966,0.9370508231925555,0.9479746454490517,314,9,541,67,overall
p_slip_current,0.94,931,550,381,0.12241873372802564,0.8771507221033403,0.7547319883753147,0.9140708915145005,0.8978358387019805,0.9777777777777777,0.8083989501312336,0.8850574712643678,0.9872727272727273,0.8083989501312336,0.9370508231925555,0.9479746454490517,308,7,543,73,overall
p_slip_current,0.95,931,550,381,0.12241873372802564,0.8771507221033403,0.7547319883753147,0.9108485499462943,0.8930923407301361,0.9837662337662337,0.7952755905511811,0.8795355587808418,0.990909090909091,0.7952755905511811,0.9370508231925555,0.9479746454490517,303,5,545,78,overall
p_slip_current,0.96,931,550,381,0.12241873372802564,0.8771507221033403,0.7547319883753147,0.9087003222341569,0.8896611787162968,0.9900662251655629,0.7847769028871391,0.8755490483162517,0.9945454545454545,0.7847769028871391,0.9370508231925555,0.9479746454490517,299,3,547,82,overall
p_slip_current,0.97,931,550,381,0.12241873372802564,0.8771507221033403,0.7547319883753147,0.9097744360902256,0.889763779527559,1.0,0.7795275590551181,0.8761061946902654,1.0,0.7795275590551181,0.9370508231925555,0.9479746454490517,297,0,550,84,overall
p_slip_current,0.98,931,550,381,0.12241873372802564,0.8771507221033403,0.7547319883753147,0.9033297529538131,0.8818897637795275,1.0,0.7637795275590551,0.8660714285714286,1.0,0.7637795275590551,0.9370508231925555,0.9479746454490517,291,0,550,90,overall
p_slip_current,0.99,931,550,381,0.12241873372802564,0.8771507221033403,0.7547319883753147,0.8958109559613319,0.8727034120734909,1.0,0.7454068241469817,0.8541353383458646,1.0,0.7454068241469817,0.9370508231925555,0.9479746454490517,284,0,550,97,overall
p_slip_current,0.995,931,550,381,0.12241873372802564,0.8771507221033403,0.7547319883753147,0.8882921589688507,0.863517060367454,1.0,0.7270341207349081,0.8419452887537995,1.0,0.7270341207349081,0.9370508231925555,0.9479746454490517,277,0,550,104,overall
p_instability_H1,0.5,931,550,381,0.8221804475784302,0.9698454005511727,0.1476649529727425,0.45542427497314714,0.5382844189930804,0.4287330316742081,0.994750656167979,0.5992094861660079,0.08181818181818182,0.994750656167979,0.9309520400858984,0.9411134591320873,379,505,45,2,overall
p_instability_H1,0.6,931,550,381,0.8221804475784302,0.9698454005511727,0.1476649529727425,0.4672395273899033,0.5482844189930804,0.434135166093929,0.994750656167979,0.6044657097288676,0.10181818181818182,0.994750656167979,0.9309520400858984,0.9411134591320873,379,494,56,2,overall
p_instability_H1,0.7,931,550,381,0.8221804475784302,0.9698454005511727,0.1476649529727425,0.4940923737916219,0.5693987115246958,0.44642857142857145,0.984251968503937,0.6142506142506142,0.15454545454545454,0.984251968503937,0.9309520400858984,0.9411134591320873,375,465,85,6,overall
p_instability_H1,0.75,931,550,381,0.8221804475784302,0.9698454005511727,0.1476649529727425,0.5198711063372717,0.5900071581961346,0.45925925925925926,0.9763779527559056,0.6246851385390428,0.20363636363636364,0.9763779527559056,0.9309520400858984,0.9411134591320873,372,438,112,9,overall
p_instability_H1,0.8,931,550,381,0.8221804475784302,0.9698454005511727,0.1476649529727425,0.5445757250268528,0.6084967788117395,0.472258064516129,0.9606299212598425,0.6332179930795847,0.25636363636363635,0.9606299212598425,0.9309520400858984,0.9411134591320873,366,409,141,15,overall
p_instability_H1,0.85,931,550,381,0.8221804475784302,0.9698454005511727,0.1476649529727425,0.6251342642320086,0.6746623717489859,0.5231884057971015,0.94750656167979,0.6741363211951447,0.4018181818181818,0.94750656167979,0.9309520400858984,0.9411134591320873,361,329,221,20,overall
p_instability_H1,0.9,931,550,381,0.8221804475784302,0.9698454005511727,0.1476649529727425,0.6981740064446831,0.7352708184204246,0.5811688311688312,0.9396325459317585,0.7181544633901705,0.5309090909090909,0.9396325459317585,0.9309520400858984,0.9411134591320873,358,258,292,23,overall
p_instability_H1,0.92,931,550,381,0.8221804475784302,0.9698454005511727,0.1476649529727425,0.761546723952739,0.7852779766165593,0.647495361781076,0.916010498687664,0.7586956521739131,0.6545454545454545,0.916010498687664,0.9309520400858984,0.9411134591320873,349,190,360,32,overall
p_instability_H1,0.94,931,550,381,0.8221804475784302,0.9698454005511727,0.1476649529727425,0.8292158968850698,0.8401312335958006,0.7392241379310345,0.9002624671916011,0.8118343195266272,0.78,0.9002624671916011,0.9309520400858984,0.9411134591320873,343,121,429,38,overall
p_instability_H1,0.95,931,550,381,0.8221804475784302,0.9698454005511727,0.1476649529727425,0.8721804511278195,0.8740753996659508,0.8179611650485437,0.884514435695538,0.849936948297604,0.8636363636363636,0.884514435695538,0.9309520400858984,0.9411134591320873,337,75,475,44,overall
p_instability_H1,0.96,931,550,381,0.8221804475784302,0.9698454005511727,0.1476649529727425,0.8807733619763695,0.8785254115962777,0.8461538461538461,0.8661417322834646,0.8560311284046693,0.8909090909090909,0.8661417322834646,0.9309520400858984,0.9411134591320873,330,60,490,51,overall
p_instability_H1,0.97,931,550,381,0.8221804475784302,0.9698454005511727,0.1476649529727425,0.8915145005370569,0.8823741350513004,0.8954802259887006,0.8320209973753281,0.8625850340136054,0.9327272727272727,0.8320209973753281,0.9309520400858984,0.9411134591320873,317,37,513,64,overall
p_instability_H1,0.98,931,550,381,0.8221804475784302,0.9698454005511727,0.1476649529727425,0.9001074113856069,0.8779527559055118,1.0,0.7559055118110236,0.8609865470852018,1.0,0.7559055118110236,0.9309520400858984,0.9411134591320873,288,0,550,93,overall
p_instability_H1,0.99,931,550,381,0.8221804475784302,0.9698454005511727,0.1476649529727425,0.8120300751879699,0.7703412073490814,1.0,0.5406824146981627,0.7018739352640544,1.0,0.5406824146981627,0.9309520400858984,0.9411134591320873,206,0,550,175,overall
p_instability_H1,0.995,931,550,381,0.8221804475784302,0.9698454005511727,0.1476649529727425,0.7164339419978518,0.6535433070866141,1.0,0.30708661417322836,0.4698795180722892,1.0,0.30708661417322836,0.9309520400858984,0.9411134591320873,117,0,550,264,overall
p_instability_H3,0.5,931,550,381,0.8107503350214524,0.961903893572139,0.15115355855068657,0.4317937701396348,0.5186876640419947,0.4185022026431718,0.9973753280839895,0.5896043444530643,0.04,0.9973753280839895,0.9241517537580529,0.9251296221231798,380,528,22,1,overall
p_instability_H3,0.6,931,550,381,0.8107503350214524,0.961903893572139,0.15115355855068657,0.4446831364124597,0.5291935099021713,0.42393736017897093,0.994750656167979,0.5945098039215686,0.06363636363636363,0.994750656167979,0.9241517537580529,0.9251296221231798,379,515,35,2,overall
p_instability_H3,0.7,931,550,381,0.8107503350214524,0.961903893572139,0.15115355855068657,0.45864661654135336,0.5410116917203531,0.4301929625425653,0.994750656167979,0.6006339144215531,0.08727272727272728,0.994750656167979,0.9241517537580529,0.9251296221231798,379,502,48,2,overall
p_instability_H3,0.75,931,550,381,0.8107503350214524,0.961903893572139,0.15115355855068657,0.523093447905478,0.5939441660701503,0.4612546125461255,0.984251968503937,0.628140703517588,0.20363636363636364,0.984251968503937,0.9241517537580529,0.9251296221231798,375,438,112,6,overall
p_instability_H3,0.8,931,550,381,0.8107503350214524,0.961903893572139,0.15115355855068657,0.6208378088077336,0.6726389883082796,0.51994301994302,0.958005249343832,0.6740535549399815,0.38727272727272727,0.958005249343832,0.9241517537580529,0.9251296221231798,365,337,213,16,overall
p_instability_H3,0.85,931,550,381,0.8107503350214524,0.961903893572139,0.15115355855068657,0.7540279269602578,0.7817370555953234,0.6357142857142857,0.9343832020997376,0.7566418703506907,0.6290909090909091,0.9343832020997376,0.9241517537580529,0.9251296221231798,356,204,346,25,overall
p_instability_H3,0.9,931,550,381,0.8107503350214524,0.961903893572139,0.15115355855068657,0.7948442534908701,0.8106370794559771,0.6923076923076923,0.8976377952755905,0.7817142857142857,0.7236363636363636,0.8976377952755905,0.9241517537580529,0.9251296221231798,342,152,398,39,overall
p_instability_H3,0.92,931,550,381,0.8107503350214524,0.961903893572139,0.15115355855068657,0.8216970998925887,0.8305416368408495,0.7362637362637363,0.8792650918635171,0.8014354066985647,0.7818181818181819,0.8792650918635171,0.9241517537580529,0.9251296221231798,335,120,430,46,overall
p_instability_H3,0.94,931,550,381,0.8107503350214524,0.961903893572139,0.15115355855068657,0.8678839957035446,0.8656000954426151,0.8290816326530612,0.8530183727034121,0.8408796895213454,0.8781818181818182,0.8530183727034121,0.9241517537580529,0.9251296221231798,325,67,483,56,overall
p_instability_H3,0.95,931,550,381,0.8107503350214524,0.961903893572139,0.15115355855068657,0.8893662728249194,0.8805559532331186,0.8904494382022472,0.8320209973753281,0.8602442333785617,0.9290909090909091,0.8320209973753281,0.9241517537580529,0.9251296221231798,317,39,511,64,overall
p_instability_H3,0.96,931,550,381,0.8107503350214524,0.961903893572139,0.15115355855068657,0.8657357679914071,0.848055356716774,0.9050632911392406,0.7506561679790026,0.8206599713055954,0.9454545454545454,0.7506561679790026,0.9241517537580529,0.9251296221231798,286,30,520,95,overall
p_instability_H3,0.97,931,550,381,0.8107503350214524,0.961903893572139,0.15115355855068657,0.8506981740064447,0.8236339775709854,0.9448529411764706,0.6745406824146981,0.787136294027565,0.9727272727272728,0.6745406824146981,0.9241517537580529,0.9251296221231798,257,15,535,124,overall
p_instability_H3,0.98,931,550,381,0.8107503350214524,0.961903893572139,0.15115355855068657,0.8335123523093448,0.7969911715581006,0.9956140350877193,0.5958005249343832,0.7454844006568144,0.9981818181818182,0.5958005249343832,0.9241517537580529,0.9251296221231798,227,1,549,154,overall
p_instability_H3,0.99,931,550,381,0.8107503350214524,0.961903893572139,0.15115355855068657,0.7593984962406015,0.7060367454068242,1.0,0.4120734908136483,0.5836431226765799,1.0,0.4120734908136483,0.9241517537580529,0.9251296221231798,157,0,550,224,overall
p_instability_H3,0.995,931,550,381,0.8107503350214524,0.961903893572139,0.15115355855068657,0.6605800214822771,0.5853018372703412,1.0,0.17060367454068243,0.2914798206278027,1.0,0.17060367454068243,0.9241517537580529,0.9251296221231798,65,0,550,316,overall
p_instability_H5,0.5,931,550,381,0.8347924573854967,0.9644776143114085,0.12968515692591187,0.4189044038668099,0.5081818181818182,0.41323210412147504,1.0,0.5848042977743668,0.016363636363636365,1.0,0.926795514197089,0.9283495358663302,381,541,9,0,overall
p_instability_H5,0.6,931,550,381,0.8347924573854967,0.9644776143114085,0.12968515692591187,0.42857142857142855,0.515960391314722,0.41712403951701427,0.9973753280839895,0.5882352941176471,0.034545454545454546,0.9973753280839895,0.926795514197089,0.9283495358663302,380,531,19,1,overall
p_instability_H5,0.7,931,550,381,0.8347924573854967,0.9644776143114085,0.12968515692591187,0.44790547798066593,0.5319207826294441,0.42536475869809204,0.994750656167979,0.5959119496855346,0.06909090909090909,0.994750656167979,0.926795514197089,0.9283495358663302,379,512,38,2,overall
p_instability_H5,0.75,931,550,381,0.8347924573854967,0.9644776143114085,0.12968515692591187,0.48764769065520946,0.5655571462658077,0.44379391100702575,0.994750656167979,0.6137651821862348,0.13636363636363635,0.994750656167979,0.926795514197089,0.9283495358663302,379,475,75,2,overall
p_instability_H5,0.8,931,550,381,0.8347924573854967,0.9644776143114085,0.12968515692591187,0.6036519871106337,0.6605130040563112,0.5082191780821917,0.973753280839895,0.6678667866786678,0.3472727272727273,0.973753280839895,0.926795514197089,0.9283495358663302,371,359,191,10,overall
p_instability_H5,0.85,931,550,381,0.8347924573854967,0.9644776143114085,0.12968515692591187,0.7357679914070892,0.7674922452875209,0.6157804459691252,0.9422572178477691,0.7448132780082988,0.5927272727272728,0.9422572178477691,0.926795514197089,0.9283495358663302,359,224,326,22,overall
p_instability_H5,0.9,931,550,381,0.8347924573854967,0.9644776143114085,0.12968515692591187,0.7798066595059077,0.7991195418754473,0.6712062256809338,0.905511811023622,0.770949720670391,0.6927272727272727,0.905511811023622,0.926795514197089,0.9283495358663302,345,169,381,36,overall
p_instability_H5,0.92,931,550,381,0.8347924573854967,0.9644776143114085,0.12968515692591187,0.8184747583243824,0.8302338344070628,0.725531914893617,0.89501312335958,0.8014101057579319,0.7654545454545455,0.89501312335958,0.926795514197089,0.9283495358663302,341,129,421,40,overall
p_instability_H5,0.94,931,550,381,0.8347924573854967,0.9644776143114085,0.12968515692591187,0.8474758324382384,0.8503435934144596,0.7838479809976246,0.8661417322834646,0.8229426433915211,0.8345454545454546,0.8661417322834646,0.926795514197089,0.9283495358663302,330,91,459,51,overall
p_instability_H5,0.95,931,550,381,0.8347924573854967,0.9644776143114085,0.12968515692591187,0.8861439312567132,0.8802481507993318,0.8706199460916442,0.847769028871391,0.8590425531914894,0.9127272727272727,0.847769028871391,0.926795514197089,0.9283495358663302,323,48,502,58,overall
p_instability_H5,0.96,931,550,381,0.8347924573854967,0.9644776143114085,0.12968515692591187,0.8678839957035446,0.8510832736816989,0.903125,0.7585301837270341,0.82453637660485,0.9436363636363636,0.7585301837270341,0.926795514197089,0.9283495358663302,289,31,519,92,overall
p_instability_H5,0.97,931,550,381,0.8347924573854967,0.9644776143114085,0.12968515692591187,0.849624060150376,0.8215151515151515,0.951310861423221,0.6666666666666666,0.7839506172839507,0.9763636363636363,0.6666666666666666,0.926795514197089,0.9283495358663302,254,13,537,127,overall
p_instability_H5,0.98,931,550,381,0.8347924573854967,0.9644776143114085,0.12968515692591187,0.8270676691729323,0.7887139107611549,1.0,0.5774278215223098,0.7321131447587355,1.0,0.5774278215223098,0.926795514197089,0.9283495358663302,220,0,550,161,overall
p_instability_H5,0.99,931,550,381,0.8347924573854967,0.9644776143114085,0.12968515692591187,0.7336197636949516,0.6745406824146982,1.0,0.34908136482939633,0.5175097276264591,1.0,0.34908136482939633,0.926795514197089,0.9283495358663302,133,0,550,248,overall
p_instability_H5,0.995,931,550,381,0.8347924573854967,0.9644776143114085,0.12968515692591187,0.6380236305048335,0.5577427821522309,1.0,0.11548556430446194,0.20705882352941177,1.0,0.11548556430446194,0.926795514197089,0.9283495358663302,44,0,550,337,overall
p_slip_current,0.5,401,116,285,0.28293646843140496,0.9296798087793561,0.6467433403479511,0.8628428927680798,0.8089382940108893,0.8782894736842105,0.9368421052631579,0.9066213921901529,0.6810344827586207,0.9368421052631579,0.9467332123411978,0.9835766589565929,267,37,79,18,cucumber_hammer
p_slip_current,0.6,401,116,285,0.28293646843140496,0.9296798087793561,0.6467433403479511,0.8728179551122195,0.8261796733212341,0.89,0.9368421052631579,0.9128205128205129,0.7155172413793104,0.9368421052631579,0.9467332123411978,0.9835766589565929,267,33,83,18,cucumber_hammer
p_slip_current,0.7,401,116,285,0.28293646843140496,0.9296798087793561,0.6467433403479511,0.8927680798004988,0.8632183908045977,0.9172413793103448,0.9333333333333333,0.9252173913043477,0.7931034482758621,0.9333333333333333,0.9467332123411978,0.9835766589565929,266,24,92,19,cucumber_hammer
p_slip_current,0.75,401,116,285,0.28293646843140496,0.9296798087793561,0.6467433403479511,0.9451371571072319,0.9537356321839081,0.9888475836431226,0.9333333333333333,0.9602888086642599,0.9741379310344828,0.9333333333333333,0.9467332123411978,0.9835766589565929,266,3,113,19,cucumber_hammer
p_slip_current,0.8,401,116,285,0.28293646843140496,0.9296798087793561,0.6467433403479511,0.9501246882793017,0.9649122807017544,1.0,0.9298245614035088,0.9636363636363636,1.0,0.9298245614035088,0.9467332123411978,0.9835766589565929,265,0,116,20,cucumber_hammer
p_slip_current,0.85,401,116,285,0.28293646843140496,0.9296798087793561,0.6467433403479511,0.942643391521197,0.9596491228070175,1.0,0.9192982456140351,0.9579524680073126,1.0,0.9192982456140351,0.9467332123411978,0.9835766589565929,262,0,116,23,cucumber_hammer
p_slip_current,0.9,401,116,285,0.28293646843140496,0.9296798087793561,0.6467433403479511,0.9326683291770573,0.9526315789473685,1.0,0.9052631578947369,0.9502762430939227,1.0,0.9052631578947369,0.9467332123411978,0.9835766589565929,258,0,116,27,cucumber_hammer
p_slip_current,0.92,401,116,285,0.28293646843140496,0.9296798087793561,0.6467433403479511,0.9251870324189526,0.9473684210526316,1.0,0.8947368421052632,0.9444444444444444,1.0,0.8947368421052632,0.9467332123411978,0.9835766589565929,255,0,116,30,cucumber_hammer
p_slip_current,0.94,401,116,285,0.28293646843140496,0.9296798087793561,0.6467433403479511,0.9177057356608479,0.9421052631578948,1.0,0.8842105263157894,0.9385474860335195,1.0,0.8842105263157894,0.9467332123411978,0.9835766589565929,252,0,116,33,cucumber_hammer
p_slip_current,0.95,401,116,285,0.28293646843140496,0.9296798087793561,0.6467433403479511,0.912718204488778,0.9385964912280702,1.0,0.8771929824561403,0.9345794392523363,1.0,0.8771929824561403,0.9467332123411978,0.9835766589565929,250,0,116,35,cucumber_hammer
p_slip_current,0.96,401,116,285,0.28293646843140496,0.9296798087793561,0.6467433403479511,0.9077306733167082,0.9350877192982456,1.0,0.8701754385964913,0.9305816135084428,1.0,0.8701754385964913,0.9467332123411978,0.9835766589565929,248,0,116,37,cucumber_hammer
p_slip_current,0.97,401,116,285,0.28293646843140496,0.9296798087793561,0.6467433403479511,0.9052369077306733,0.9333333333333333,1.0,0.8666666666666667,0.9285714285714286,1.0,0.8666666666666667,0.9467332123411978,0.9835766589565929,247,0,116,38,cucumber_hammer
p_slip_current,0.98,401,116,285,0.28293646843140496,0.9296798087793561,0.6467433403479511,0.8927680798004988,0.9245614035087719,1.0,0.8491228070175438,0.9184060721062618,1.0,0.8491228070175438,0.9467332123411978,0.9835766589565929,242,0,116,43,cucumber_hammer
p_slip_current,0.99,401,116,285,0.28293646843140496,0.9296798087793561,0.6467433403479511,0.8802992518703242,0.9157894736842105,1.0,0.8315789473684211,0.9080459770114944,1.0,0.8315789473684211,0.9467332123411978,0.9835766589565929,237,0,116,48,cucumber_hammer
p_slip_current,0.995,401,116,285,0.28293646843140496,0.9296798087793561,0.6467433403479511,0.8728179551122195,0.9105263157894736,1.0,0.8210526315789474,0.9017341040462429,1.0,0.8210526315789474,0.9467332123411978,0.9835766589565929,234,0,116,51,cucumber_hammer
p_instability_H1,0.5,401,116,285,0.8464179044139797,0.9794314131402133,0.13301350872623363,0.7381546134663342,0.5474137931034483,0.7307692307692307,1.0,0.8444444444444443,0.09482758620689655,1.0,0.9438596491228071,0.9812024112108128,285,105,11,0,cucumber_hammer
p_instability_H1,0.6,401,116,285,0.8464179044139797,0.9794314131402133,0.13301350872623363,0.7406483790523691,0.5517241379310345,0.7326478149100257,1.0,0.8456973293768546,0.10344827586206896,1.0,0.9438596491228071,0.9812024112108128,285,104,12,0,cucumber_hammer
p_instability_H1,0.7,401,116,285,0.8464179044139797,0.9794314131402133,0.13301350872623363,0.7356608478802993,0.5507713248638838,0.7324675324675325,0.9894736842105263,0.8417910447761193,0.11206896551724138,0.9894736842105263,0.9438596491228071,0.9812024112108128,282,103,13,3,cucumber_hammer
p_instability_H1,0.75,401,116,285,0.8464179044139797,0.9794314131402133,0.13301350872623363,0.7381546134663342,0.5627495462794918,0.7380952380952381,0.9789473684210527,0.8416289592760182,0.14655172413793102,0.9789473684210527,0.9438596491228071,0.9812024112108128,279,99,17,6,cucumber_hammer
p_instability_H1,0.8,401,116,285,0.8464179044139797,0.9794314131402133,0.13301350872623363,0.743142144638404,0.5764821536600121,0.7446236559139785,0.9719298245614035,0.843226788432268,0.1810344827586207,0.9719298245614035,0.9438596491228071,0.9812024112108128,277,95,21,8,cucumber_hammer
p_instability_H1,0.85,401,116,285,0.8464179044139797,0.9794314131402133,0.13301350872623363,0.7556109725685786,0.6057017543859649,0.7590027700831025,0.9614035087719298,0.848297213622291,0.25,0.9614035087719298,0.9438596491228071,0.9812024112108128,274,87,29,11,cucumber_hammer
p_instability_H1,0.9,401,116,285,0.8464179044139797,0.9794314131402133,0.13301350872623363,0.7830423940149626,0.6531155474894133,0.7828571428571428,0.9614035087719298,0.8629921259842519,0.3448275862068966,0.9614035087719298,0.9438596491228071,0.9812024112108128,274,76,40,11,cucumber_hammer
p_instability_H1,0.92,401,116,285,0.8464179044139797,0.9794314131402133,0.13301350872623363,0.8229426433915212,0.7271929824561403,0.8242424242424242,0.9543859649122807,0.8845528455284554,0.5,0.9543859649122807,0.9438596491228071,0.9812024112108128,272,58,58,13,cucumber_hammer
p_instability_H1,0.94,401,116,285,0.8464179044139797,0.9794314131402133,0.13301350872623363,0.8254364089775561,0.7391712038717484,0.8328173374613003,0.9438596491228071,0.8848684210526315,0.5344827586206896,0.9438596491228071,0.9438596491228071,0.9812024112108128,269,54,62,16,cucumber_hammer
p_instability_H1,0.95,401,116,285,0.8464179044139797,0.9794314131402133,0.13301350872623363,0.8329177057356608,0.7623260738052027,0.8493589743589743,0.9298245614035088,0.8877721943048578,0.5948275862068966,0.9298245614035088,0.9438596491228071,0.9812024112108128,265,47,69,20,cucumber_hammer
p_instability_H1,0.96,401,116,285,0.8464179044139797,0.9794314131402133,0.13301350872623363,0.8453865336658354,0.7864337568058076,0.8655737704918033,0.9263157894736842,0.8949152542372881,0.646551724137931,0.9263157894736842,0.9438596491228071,0.9812024112108128,264,41,75,21,cucumber_hammer
p_instability_H1,0.97,401,116,285,0.8464179044139797,0.9794314131402133,0.13301350872623363,0.8678304239401496,0.8354506957047791,0.9027777777777778,0.9122807017543859,0.9075043630017452,0.7586206896551724,0.9122807017543859,0.9438596491228071,0.9812024112108128,260,28,88,25,cucumber_hammer
p_instability_H1,0.98,401,116,285,0.8464179044139797,0.9794314131402133,0.13301350872623363,0.8902743142144638,0.9228070175438596,1.0,0.8456140350877193,0.9163498098859315,1.0,0.8456140350877193,0.9438596491228071,0.9812024112108128,241,0,116,44,cucumber_hammer
p_instability_H1,0.99,401,116,285,0.8464179044139797,0.9794314131402133,0.13301350872623363,0.7206982543640897,0.8035087719298246,1.0,0.6070175438596491,0.7554585152838428,1.0,0.6070175438596491,0.9438596491228071,0.9812024112108128,173,0,116,112,cucumber_hammer
p_instability_H1,0.995,401,116,285,0.8464179044139797,0.9794314131402133,0.13301350872623363,0.5461346633416458,0.6807017543859649,1.0,0.36140350877192984,0.5309278350515464,1.0,0.36140350877192984,0.9438596491228071,0.9812024112108128,103,0,116,182,cucumber_hammer
p_instability_H3,0.5,401,116,285,0.8778342024005693,0.9787584798377856,0.10092427743721633,0.7306733167082294,0.5344827586206896,0.7251908396946565,1.0,0.8407079646017699,0.06896551724137931,1.0,0.9550514216575923,0.9853236393930326,285,108,8,0,cucumber_hammer
p_instability_H3,0.6,401,116,285,0.8778342024005693,0.9787584798377856,0.10092427743721633,0.7381546134663342,0.5474137931034483,0.7307692307692307,1.0,0.8444444444444443,0.09482758620689655,1.0,0.9550514216575923,0.9853236393930326,285,105,11,0,cucumber_hammer
p_instability_H3,0.7,401,116,285,0.8778342024005693,0.9787584798377856,0.10092427743721633,0.7381546134663342,0.5474137931034483,0.7307692307692307,1.0,0.8444444444444443,0.09482758620689655,1.0,0.9550514216575923,0.9853236393930326,285,105,11,0,cucumber_hammer
p_instability_H3,0.75,401,116,285,0.8778342024005693,0.9787584798377856,0.10092427743721633,0.7381546134663342,0.5474137931034483,0.7307692307692307,1.0,0.8444444444444443,0.09482758620689655,1.0,0.9550514216575923,0.9853236393930326,285,105,11,0,cucumber_hammer
p_instability_H3,0.8,401,116,285,0.8778342024005693,0.9787584798377856,0.10092427743721633,0.7356608478802993,0.5507713248638838,0.7324675324675325,0.9894736842105263,0.8417910447761193,0.11206896551724138,0.9894736842105263,0.9550514216575923,0.9853236393930326,282,103,13,3,cucumber_hammer
p_instability_H3,0.85,401,116,285,0.8778342024005693,0.9787584798377856,0.10092427743721633,0.7331670822942643,0.5515728977616454,0.7329842931937173,0.9824561403508771,0.8395802098950524,0.1206896551724138,0.9824561403508771,0.9550514216575923,0.9853236393930326,280,102,14,5,cucumber_hammer
p_instability_H3,0.9,401,116,285,0.8778342024005693,0.9787584798377856,0.10092427743721633,0.7531172069825436,0.5988354506957048,0.7554945054945055,0.9649122807017544,0.847457627118644,0.23275862068965517,0.9649122807017544,0.9550514216575923,0.9853236393930326,275,89,27,10,cucumber_hammer
p_instability_H3,0.92,401,116,285,0.8778342024005693,0.9787584798377856,0.10092427743721633,0.7780548628428927,0.6444948578342408,0.7784090909090909,0.9614035087719298,0.8602825745682888,0.3275862068965517,0.9614035087719298,0.9550514216575923,0.9853236393930326,274,78,38,11,cucumber_hammer
p_instability_H3,0.94,401,116,285,0.8778342024005693,0.9787584798377856,0.10092427743721633,0.8802992518703242,0.831442831215971,0.8910891089108911,0.9473684210526315,0.9183673469387755,0.7155172413793104,0.9473684210526315,0.9550514216575923,0.9853236393930326,270,33,83,15,cucumber_hammer
p_instability_H3,0.95,401,116,285,0.8778342024005693,0.9787584798377856,0.10092427743721633,0.9351620947630923,0.9364942528735632,0.9743589743589743,0.9333333333333333,0.953405017921147,0.9396551724137931,0.9333333333333333,0.9550514216575923,0.9853236393930326,266,7,109,19,cucumber_hammer
p_instability_H3,0.96,401,116,285,0.8778342024005693,0.9787584798377856,0.10092427743721633,0.8877805486284289,0.9159407138535995,0.9918032786885246,0.8491228070175438,0.9149338374291115,0.9827586206896551,0.8491228070175438,0.9550514216575923,0.9853236393930326,242,2,114,43,cucumber_hammer
p_instability_H3,0.97,401,116,285,0.8778342024005693,0.9787584798377856,0.10092427743721633,0.8528678304239401,0.8964912280701754,1.0,0.7929824561403509,0.8845401174168298,1.0,0.7929824561403509,0.9550514216575923,0.9853236393930326,226,0,116,59,cucumber_hammer
p_instability_H3,0.98,401,116,285,0.8778342024005693,0.9787584798377856,0.10092427743721633,0.8079800498753117,0.8649122807017544,1.0,0.7298245614035088,0.8438133874239351,1.0,0.7298245614035088,0.9550514216575923,0.9853236393930326,208,0,116,77,cucumber_hammer
p_instability_H3,0.99,401,116,285,0.8778342024005693,0.9787584798377856,0.10092427743721633,0.6508728179551122,0.7543859649122807,1.0,0.5087719298245614,0.6744186046511628,1.0,0.5087719298245614,0.9550514216575923,0.9853236393930326,145,0,116,140,cucumber_hammer
p_instability_H3,0.995,401,116,285,0.8778342024005693,0.9787584798377856,0.10092427743721633,0.44139650872817954,0.6070175438596491,1.0,0.21403508771929824,0.35260115606936415,1.0,0.21403508771929824,0.9550514216575923,0.9853236393930326,61,0,116,224,cucumber_hammer
p_instability_H5,0.5,401,116,285,0.8938030944815998,0.9786438132587232,0.0848407187771234,0.7182044887780549,0.5129310344827587,0.7160804020100503,1.0,0.8345534407027818,0.02586206896551724,1.0,0.9533877797943133,0.9847285223084629,285,113,3,0,cucumber_hammer
p_instability_H5,0.6,401,116,285,0.8938030944815998,0.9786438132587232,0.0848407187771234,0.7306733167082294,0.5344827586206896,0.7251908396946565,1.0,0.8407079646017699,0.06896551724137931,1.0,0.9533877797943133,0.9847285223084629,285,108,8,0,cucumber_hammer
p_instability_H5,0.7,401,116,285,0.8938030944815998,0.9786438132587232,0.0848407187771234,0.7381546134663342,0.5474137931034483,0.7307692307692307,1.0,0.8444444444444443,0.09482758620689655,1.0,0.9533877797943133,0.9847285223084629,285,105,11,0,cucumber_hammer
p_instability_H5,0.75,401,116,285,0.8938030944815998,0.9786438132587232,0.0848407187771234,0.7381546134663342,0.5474137931034483,0.7307692307692307,1.0,0.8444444444444443,0.09482758620689655,1.0,0.9533877797943133,0.9847285223084629,285,105,11,0,cucumber_hammer
p_instability_H5,0.8,401,116,285,0.8938030944815998,0.9786438132587232,0.0848407187771234,0.7356608478802993,0.545659407138536,0.7300771208226221,0.9964912280701754,0.8427299703264094,0.09482758620689655,0.9964912280701754,0.9533877797943133,0.9847285223084629,284,105,11,1,cucumber_hammer
p_instability_H5,0.85,401,116,285,0.8938030944815998,0.9786438132587232,0.0848407187771234,0.7331670822942643,0.5490169388989715,0.7317708333333334,0.9859649122807017,0.8400597907324365,0.11206896551724138,0.9859649122807017,0.9533877797943133,0.9847285223084629,281,103,13,4,cucumber_hammer
p_instability_H5,0.9,401,116,285,0.8938030944815998,0.9786438132587232,0.0848407187771234,0.7406483790523691,0.5772837265577737,0.7452574525745257,0.9649122807017544,0.8409785932721712,0.1896551724137931,0.9649122807017544,0.9533877797943133,0.9847285223084629,275,94,22,10,cucumber_hammer
p_instability_H5,0.92,401,116,285,0.8938030944815998,0.9786438132587232,0.0848407187771234,0.7605985037406484,0.6143224440411373,0.7632311977715878,0.9614035087719298,0.8509316770186337,0.2672413793103448,0.9614035087719298,0.9533877797943133,0.9847285223084629,274,85,31,11,cucumber_hammer
p_instability_H5,0.94,401,116,285,0.8938030944815998,0.9786438132587232,0.0848407187771234,0.8254364089775561,0.7315033272837266,0.8267477203647416,0.9543859649122807,0.8859934853420195,0.5086206896551724,0.9543859649122807,0.9533877797943133,0.9847285223084629,272,57,59,13,cucumber_hammer
p_instability_H5,0.95,401,116,285,0.8938030944815998,0.9786438132587232,0.0848407187771234,0.9177057356608479,0.9012099213551119,0.9436619718309859,0.9403508771929825,0.9420035149384887,0.8620689655172413,0.9403508771929825,0.9533877797943133,0.9847285223084629,268,16,100,17,cucumber_hammer
p_instability_H5,0.96,401,116,285,0.8938030944815998,0.9786438132587232,0.0848407187771234,0.8877805486284289,0.9133847549909255,0.9878048780487805,0.8526315789473684,0.9152542372881356,0.9741379310344828,0.8526315789473684,0.9533877797943133,0.9847285223084629,243,3,113,42,cucumber_hammer
p_instability_H5,0.97,401,116,285,0.8938030944815998,0.9786438132587232,0.0848407187771234,0.8478802992518704,0.8929824561403509,1.0,0.7859649122807018,0.8801571709233792,1.0,0.7859649122807018,0.9533877797943133,0.9847285223084629,224,0,116,61,cucumber_hammer
p_instability_H5,0.98,401,116,285,0.8938030944815998,0.9786438132587232,0.0848407187771234,0.7880299251870324,0.8508771929824561,1.0,0.7017543859649122,0.8247422680412371,1.0,0.7017543859649122,0.9533877797943133,0.9847285223084629,200,0,116,85,cucumber_hammer
p_instability_H5,0.99,401,116,285,0.8938030944815998,0.9786438132587232,0.0848407187771234,0.6034912718204489,0.7210526315789474,1.0,0.4421052631578947,0.6131386861313868,1.0,0.4421052631578947,0.9533877797943133,0.9847285223084629,126,0,116,159,cucumber_hammer
p_instability_H5,0.995,401,116,285,0.8938030944815998,0.9786438132587232,0.0848407187771234,0.3915211970074813,0.5719298245614035,1.0,0.14385964912280702,0.25153374233128833,1.0,0.14385964912280702,0.9533877797943133,0.9847285223084629,41,0,116,244,cucumber_hammer
