model,object,sequence,side,window_type,range,n,H1_raw_mean,H3_raw_mean,H5_raw_mean,p_slip_mean,H1_mul_gate_mean,H3_mul_gate_mean,H5_mul_gate_mean
baseline_horizon_fix,banana,banana_1,left,slip,30-33,4,0.9397665858268738,0.9730937480926514,0.9817240536212921,0.3099287406730582,,,
baseline_horizon_fix,banana,banana_1,left,stable,40-70,31,0.8463849694498123,0.9318248706479226,0.9566442370414734,0.0006364761033065377,,,
baseline_horizon_fix,banana,banana_1,right,slip,28-32,5,0.9592379093170166,0.9707149147987366,0.9760014057159424,0.6404838020855095,,,
baseline_horizon_fix,banana,banana_1,right,stable,40-70,31,0.877171395286437,0.8979339964928166,0.9150044629650731,0.08854844815082728,,,
baseline_horizon_fix,banana,banana_2,left,slip,33-40,8,0.9723787978291512,0.978147104382515,0.9814564734697342,0.9337000846862793,,,
baseline_horizon_fix,banana,banana_2,left,stable,60-90,31,0.9238123086190992,0.9409241695557872,0.9502290295016381,0.7203845533752634,,,
baseline_horizon_fix,banana,banana_2,right,slip,29-40,12,0.953228751818339,0.9744845976432165,0.9819172273079554,0.885589265730232,,,
baseline_horizon_fix,banana,banana_2,right,stable,60-90,31,0.8014388853503812,0.8416038020964591,0.8787405856194035,0.2940995891788794,,,
baseline_horizon_fix,cucumber,cucumber_1,left,slip,35-75,41,0.9745569519880342,0.9822689963550102,0.9860601570548081,0.838228254578808,,,
baseline_horizon_fix,cucumber,cucumber_1,right,slip,48-73,26,0.9975533783435822,0.9980560220204867,0.9984504351249108,0.9835023811230292,,,
baseline_horizon_fix,cucumber,cucumber_2,left,slip,39-52,14,0.9558589926787785,0.9631120136805943,0.9697465428284237,0.8618623419398708,,,
baseline_horizon_fix,cucumber,cucumber_2,right,slip,38-51,14,0.9948008869375501,0.9950404976095472,0.9959282875061035,0.9962837398052216,,,
baseline_horizon_fix,cucumber,cucumber_3,left,slip,40-62,23,0.9775624793508778,0.9834687139676965,0.9863305921139924,0.5914712701399011,,,
baseline_horizon_fix,cucumber,cucumber_3,left,stable,80-110,31,0.938625810607787,0.9608521288441073,0.9687828959957245,0.025088781505943306,,,
baseline_horizon_fix,cucumber,cucumber_3,right,slip,41-64,24,0.9948711494604746,0.9965118169784546,0.9976181586583456,0.9358138769554595,,,
baseline_horizon_fix,cucumber,cucumber_3,right,stable,80-110,31,0.925041873608866,0.9562565165181314,0.9718502817615386,0.03925123442745497,,,
baseline_horizon_fix,hammer,hammer_1,left,slip,50-80,31,0.9995776760962701,0.9997877017144234,0.9998179097329417,0.9999341310993317,,,
baseline_horizon_fix,hammer,hammer_1,right,slip,50-80,31,0.9998832018144669,0.9999557810444986,0.9999633450661937,0.9999957776838734,,,
baseline_horizon_fix,hammer,hammer_2,left,slip,34-44,11,0.9994820627299222,0.9997711344198748,0.9998016357421875,0.9952287186275829,,,
baseline_horizon_fix,hammer,hammer_2,left,stable,90-116,27,0.997563534312778,0.9988777681633279,0.9990264530535098,0.7231657328429045,,,
baseline_horizon_fix,hammer,hammer_2,right,slip,34-41,8,0.9996902942657471,0.9998509809374809,0.9998811408877373,0.9999760687351227,,,
baseline_horizon_fix,hammer,hammer_2,right,stable,90-116,27,0.9960162507163154,0.9983953811504223,0.9987234936820136,0.41854129842034093,,,
baseline_horizon_fix,hammer,hammer_3,left,slip,40-70,31,0.9996262365771879,0.9998181000832589,0.9998513287113558,0.9999300433743384,,,
baseline_horizon_fix,hammer,hammer_3,right,slip,40-70,31,0.9998307727998302,0.9999483535366673,0.9999572788515398,0.9999975735141385,,,
baseline_horizon_fix,lemon,lemon_1,left,slip,34-37,4,0.951672688126564,0.9583543092012405,0.966820240020752,0.6038568305957597,,,
baseline_horizon_fix,lemon,lemon_1,left,stable,50-80,31,0.780691223759805,0.8085566220744964,0.8471192448369919,0.0005271686140106119,,,
baseline_horizon_fix,lemon,lemon_1,right,slip,31-34,4,0.8924550265073776,0.9151635617017746,0.9371320307254791,0.4999121908986126,,,
baseline_horizon_fix,lemon,lemon_1,right,stable,50-80,31,0.8073997151467108,0.8496332803080159,0.8889618727468676,0.007234544748620641,,,
baseline_horizon_fix,lemon,lemon_2,left,slip,31-37,7,0.986931426184518,0.9948613558496747,0.9954730357442584,0.6019256020995921,,,
baseline_horizon_fix,lemon,lemon_2,left,stable,60-90,31,0.9432869688157113,0.9761436562384328,0.9789655112451122,4.399750938436257e-05,,,
baseline_horizon_fix,lemon,lemon_2,right,slip,28-35,8,0.9824564605951309,0.991128608584404,0.9922525510191917,0.577252867560901,,,
baseline_horizon_fix,lemon,lemon_2,right,stable,60-90,31,0.9618009405751382,0.9792140203137552,0.9819903142990605,2.9083592380629852e-05,,,
baseline_horizon_fix,lemon,lemon_3,left,slip,28-35,8,0.9874268993735313,0.9959015548229218,0.9967974498867989,0.6614010507728381,,,
baseline_horizon_fix,lemon,lemon_3,left,stable,70-100,31,0.9519708252722218,0.9834921706107355,0.9869364442363862,0.0003128793961819141,,,
baseline_horizon_fix,lemon,lemon_3,right,slip,28-35,8,0.9863398671150208,0.9927328824996948,0.9935854151844978,0.49659793707087374,,,
baseline_horizon_fix,lemon,lemon_3,right,stable,70-100,31,0.9592047449081175,0.9782587943538543,0.9812203357296605,0.00013871051264539993,,,
baseline_horizon_fix,lemon,lemon_4,left,slip,36-41,6,0.9982623557249705,0.9995314280192057,0.9995825489362081,0.9508696794509888,,,
baseline_horizon_fix,lemon,lemon_4,left,stable,70-100,31,0.9621761095139288,0.9865925158223798,0.9889143839959176,0.00019423766277595274,,,
baseline_horizon_fix,lemon,lemon_4,right,slip,36-41,6,0.9956074257691702,0.9984685778617859,0.9987120827039083,0.8845179378986359,,,
baseline_horizon_fix,lemon,lemon_4,right,stable,70-100,31,0.9429533154733719,0.9784354413709333,0.9824058778824345,0.0009607906085288813,,,
baseline_horizon_fix,lemon,lemon_5,left,slip,34-41,8,0.9876558482646942,0.9946391806006432,0.9951053336262703,0.6474383126369503,,,
baseline_horizon_fix,lemon,lemon_5,left,stable,70-100,31,0.9550552829619376,0.976756913046683,0.9793927688752452,6.155827190189982e-05,,,
baseline_horizon_fix,lemon,lemon_5,right,slip,34-41,8,0.998694658279419,0.9994411543011665,0.9994776099920273,0.9993089288473129,,,
baseline_horizon_fix,lemon,lemon_5,right,stable,70-100,31,0.9259215612565318,0.9556194966839205,0.9607495838595975,4.3227190490729444e-05,,,
baseline_horizon_fix,banana,banana_1,left,slip,30-33,4,,,,0.3099287406730582,0.30652148174230237,0.307908115992588,0.30839135620504715
baseline_horizon_fix,banana,banana_1,left,stable,40-70,31,,,,0.0006364761033065377,0.000537028423930975,0.0005945870996215898,0.0006101699778634089
baseline_horizon_fix,banana,banana_1,right,slip,28-32,5,,,,0.6404838020855095,0.6361634083710207,0.6373816555271988,0.6379122830163068
baseline_horizon_fix,banana,banana_1,right,stable,40-70,31,,,,0.08854844815082728,0.08420280630270278,0.08493977981700604,0.08555974745364815
baseline_horizon_fix,banana,banana_2,left,slip,33-40,8,,,,0.9337000846862793,0.909017667276228,0.9141798188519852,0.9171289209414666
baseline_horizon_fix,banana,banana_2,left,stable,60-90,31,,,,0.7203845533752634,0.6903782753251511,0.6975703929215028,0.7012474264916169
baseline_horizon_fix,banana,banana_2,right,slip,29-40,12,,,,0.885589265730232,0.8769541482485942,0.8792321117536522,0.8806554916706283
baseline_horizon_fix,banana,banana_2,right,stable,60-90,31,,,,0.2940995891788794,0.2618198246832702,0.2686993127409795,0.2747203281192386
baseline_horizon_fix,cucumber,cucumber_1,left,slip,35-75,41,,,,0.838228254578808,0.8352031425517641,0.8360933385773016,0.8365130042650815
baseline_horizon_fix,cucumber,cucumber_1,right,slip,48-73,26,,,,0.9835023811230292,0.9811645151057603,0.9816368926000761,0.9820155844805394
baseline_horizon_fix,cucumber,cucumber_2,left,slip,39-52,14,,,,0.8618623419398708,0.8566375231220389,0.8576968360725596,0.8584097833433985
baseline_horizon_fix,cucumber,cucumber_2,right,slip,38-51,14,,,,0.9962837398052216,0.991138998187324,0.9913781567015185,0.9922553734181603
baseline_horizon_fix,cucumber,cucumber_3,left,slip,40-62,23,,,,0.5914712701399011,0.5894144841950942,0.5899553688377379,0.5902144366974718
baseline_horizon_fix,cucumber,cucumber_3,left,stable,80-110,31,,,,0.025088781505943306,0.023967545475181116,0.024377916400689804,0.024520958966933928
baseline_horizon_fix,cucumber,cucumber_3,right,slip,41-64,24,,,,0.9358138769554595,0.9332270617788686,0.934090533659114,0.9345886713129118
baseline_horizon_fix,cucumber,cucumber_3,right,stable,80-110,31,,,,0.03925123442745497,0.03669639782489833,0.03768583852586898,0.038236796744551105
baseline_horizon_fix,hammer,hammer_1,left,slip,50-80,31,,,,0.9999341310993317,0.9995118337777531,0.999721843916425,0.9997520504620806
baseline_horizon_fix,hammer,hammer_1,right,slip,50-80,31,,,,0.9999957776838734,0.9998789803596664,0.9999515590532476,0.9999591230207383
baseline_horizon_fix,hammer,hammer_2,left,slip,34-44,11,,,,0.9952287186275829,0.994713469761381,0.9950009484462851,0.9950312975291795
baseline_horizon_fix,hammer,hammer_2,left,stable,90-116,27,,,,0.7231657328429045,0.7214075895392645,0.722355905830388,0.7224631618603111
baseline_horizon_fix,hammer,hammer_2,right,slip,34-41,8,,,,0.9999760687351227,0.9996663712011955,0.9998270539772944,0.9998572130407783
baseline_horizon_fix,hammer,hammer_2,right,stable,90-116,27,,,,0.41854129842034093,0.4171127576659322,0.417966021727459,0.4180825107468906
baseline_horizon_fix,hammer,hammer_3,left,slip,40-70,31,,,,0.9999300433743384,0.9995563094827836,0.9997481596487235,0.9997813853996751
baseline_horizon_fix,hammer,hammer_3,right,slip,40-70,31,,,,0.9999975735141385,0.9998283467943732,0.9999459272221259,0.9999548525022598
baseline_horizon_fix,lemon,lemon_1,left,slip,34-37,4,,,,0.6038568305957597,0.5999433055029777,0.600422586648711,0.6011050389020005
baseline_horizon_fix,lemon,lemon_1,left,stable,50-80,31,,,,0.0005271686140106119,0.00041184631519977844,0.00042648504686183943,0.00044680599877034083
baseline_horizon_fix,lemon,lemon_1,right,slip,31-34,4,,,,0.4999121908986126,0.4980109331573068,0.49844403154745504,0.4988013714592531
baseline_horizon_fix,lemon,lemon_1,right,stable,50-80,31,,,,0.007234544748620641,0.005892058461322909,0.006189215689074916,0.00646436792082994
baseline_horizon_fix,lemon,lemon_2,left,slip,31-37,7,,,,0.6019256020995921,0.6005208669622848,0.6014209143986557,0.6014621411476203
baseline_horizon_fix,lemon,lemon_2,left,stable,60-90,31,,,,4.399750938436257e-05,4.1504062222507956e-05,4.29486708859071e-05,4.307273777457601e-05
baseline_horizon_fix,lemon,lemon_2,right,slip,28-35,8,,,,0.577252867560901,0.5765851941880167,0.5769576245867022,0.5769871762740812
baseline_horizon_fix,lemon,lemon_2,right,stable,60-90,31,,,,2.9083592380629852e-05,2.7970406319401598e-05,2.8477866404741833e-05,2.8558830755489733e-05
baseline_horizon_fix,lemon,lemon_3,left,slip,28-35,8,,,,0.6614010507728381,0.6593051586371979,0.6607702016068899,0.6608926716699679
baseline_horizon_fix,lemon,lemon_3,left,stable,70-100,31,,,,0.0003128793961819141,0.0002978408737565079,0.00030771013439917207,0.00030878866174852815
baseline_horizon_fix,lemon,lemon_3,right,slip,28-35,8,,,,0.49659793707087374,0.4964214901207459,0.49652279067116,0.49653038312967285
baseline_horizon_fix,lemon,lemon_3,right,stable,70-100,31,,,,0.00013871051264539993,0.0001330134726840908,0.00013567420418592746,0.00013608841086968168
baseline_horizon_fix,lemon,lemon_4,left,slip,36-41,6,,,,0.9508696794509888,0.9493713696175293,0.9504702216228734,0.9505140048862302
baseline_horizon_fix,lemon,lemon_4,left,stable,70-100,31,,,,0.00019423766277595274,0.00018690499490482912,0.0001916386894979469,0.0001920885946935309
baseline_horizon_fix,lemon,lemon_4,right,slip,36-41,6,,,,0.8845179378986359,0.8821548606002173,0.8837107594882591,0.8838389969719351
baseline_horizon_fix,lemon,lemon_4,right,stable,70-100,31,,,,0.0009607906085288813,0.0009060658046852975,0.0009401030771219136,0.000943909475506752
baseline_horizon_fix,lemon,lemon_5,left,slip,34-41,8,,,,0.6474383126369503,0.646383582032535,0.6470284739352324,0.6470544451063637
baseline_horizon_fix,lemon,lemon_5,left,stable,70-100,31,,,,6.155827190189982e-05,5.8825569034858153e-05,6.0146028238153227e-05,6.030591074427909e-05
baseline_horizon_fix,lemon,lemon_5,right,slip,34-41,8,,,,0.9993089288473129,0.998005414694962,0.9987509311911995,0.9987873394311464
baseline_horizon_fix,lemon,lemon_5,right,stable,70-100,31,,,,4.3227190490729444e-05,4.0035605708320345e-05,4.131674407764901e-05,4.1537605422250336e-05
medium_hard_negative,banana,banana_1,left,slip,30-33,4,0.7427660822868347,0.8345097303390503,0.8694076091051102,0.3099287406730582,,,
medium_hard_negative,banana,banana_1,left,stable,40-70,31,0.3429668276540695,0.5440508780940887,0.6418048489478326,0.0006364761033065377,,,
medium_hard_negative,banana,banana_1,right,slip,28-32,5,0.9413235545158386,0.9586275458335877,0.9601725339889526,0.6404838020855095,,,
medium_hard_negative,banana,banana_1,right,stable,40-70,31,0.7823426934980577,0.8431873802215822,0.856469044762273,0.08854844815082728,,,
medium_hard_negative,banana,banana_2,left,slip,33-40,8,0.9551610350608826,0.9667463824152946,0.9642413109540939,0.9337000846862793,,,
medium_hard_negative,banana,banana_2,left,stable,60-90,31,0.9164891319890176,0.946096254933265,0.9481777087334664,0.7203845533752634,,,
medium_hard_negative,banana,banana_2,right,slip,29-40,12,0.9152063926060995,0.9399942507346472,0.9483622958262762,0.885589265730232,,,
medium_hard_negative,banana,banana_2,right,stable,60-90,31,0.7352217724246364,0.8434457452066483,0.8639888724973125,0.2940995891788794,,,
medium_hard_negative,cucumber,cucumber_1,left,slip,35-75,41,0.957257504870252,0.9732324902604266,0.9740773119577547,0.838228254578808,,,
medium_hard_negative,cucumber,cucumber_1,right,slip,48-73,26,0.9907597097066733,0.9932900323317602,0.9914546586000003,0.9835023811230292,,,
medium_hard_negative,cucumber,cucumber_2,left,slip,39-52,14,0.9391619733401707,0.9587067450795855,0.9614594238145011,0.8618623419398708,,,
medium_hard_negative,cucumber,cucumber_2,right,slip,38-51,14,0.9789902823311942,0.9813601757798877,0.9782137615340096,0.9962837398052216,,,
medium_hard_negative,cucumber,cucumber_3,left,slip,40-62,23,0.9569369917330535,0.9682952865310337,0.9667643101319022,0.5914712701399011,,,
medium_hard_negative,cucumber,cucumber_3,left,stable,80-110,31,0.9071626182525389,0.9422085900460521,0.9439530045755448,0.025088781505943306,,,
medium_hard_negative,cucumber,cucumber_3,right,slip,41-64,24,0.9645147522290548,0.9786419173081716,0.9779297113418579,0.9358138769554595,,,
medium_hard_negative,cucumber,cucumber_3,right,stable,80-110,31,0.5788221051616054,0.7161673730419528,0.7620519322733725,0.03925123442745497,,,
medium_hard_negative,hammer,hammer_1,left,slip,50-80,31,0.9901538337430646,0.9671528531659034,0.9679536877139923,0.9999341310993317,,,
medium_hard_negative,hammer,hammer_1,right,slip,50-80,31,0.9981051125834065,0.9935733272183326,0.9933324994579438,0.9999957776838734,,,
medium_hard_negative,hammer,hammer_2,left,slip,34-44,11,0.9866082614118402,0.9626175598664717,0.9646827686916698,0.9952287186275829,,,
medium_hard_negative,hammer,hammer_2,left,stable,90-116,27,0.9710142590381481,0.9354186852773031,0.9426570976222003,0.7231657328429045,,,
medium_hard_negative,hammer,hammer_2,right,slip,34-41,8,0.9953484311699867,0.9856599345803261,0.9847857430577278,0.9999760687351227,,,
medium_hard_negative,hammer,hammer_2,right,stable,90-116,27,0.9593172404501173,0.9319558563055815,0.9386394178425824,0.41854129842034093,,,
medium_hard_negative,hammer,hammer_3,left,slip,40-70,31,0.9914616615541519,0.9750230350802022,0.9752371830324973,0.9999300433743384,,,
medium_hard_negative,hammer,hammer_3,right,slip,40-70,31,0.9977996445471241,0.994085838717799,0.9940373609142918,0.9999975735141385,,,
medium_hard_negative,lemon,lemon_1,left,slip,34-37,4,0.9266190677881241,0.9541092067956924,0.9549231380224228,0.6038568305957597,,,
medium_hard_negative,lemon,lemon_1,left,stable,50-80,31,0.66656901567213,0.7850140909994802,0.80829878007212,0.0005271686140106119,,,
medium_hard_negative,lemon,lemon_1,right,slip,31-34,4,0.8536469489336014,0.9236212223768234,0.9310632050037384,0.4999121908986126,,,
medium_hard_negative,lemon,lemon_1,right,stable,50-80,31,0.7687126167358891,0.8872732673921893,0.8987358616244409,0.007234544748620641,,,
medium_hard_negative,lemon,lemon_2,left,slip,31-37,7,0.9587370753288269,0.8658243758337838,0.882182742868151,0.6019256020995921,,,
medium_hard_negative,lemon,lemon_2,left,stable,60-90,31,0.9119505978399708,0.7779886107290944,0.8044791163936738,4.399750938436257e-05,,,
medium_hard_negative,lemon,lemon_2,right,slip,28-35,8,0.9470864906907082,0.849873848259449,0.8667137175798416,0.577252867560901,,,
medium_hard_negative,lemon,lemon_2,right,stable,60-90,31,0.90393889334894,0.7702420238525637,0.7932813552118116,2.9083592380629852e-05,,,
medium_hard_negative,lemon,lemon_3,left,slip,28-35,8,0.9335380718111992,0.8505994156002998,0.8714281246066093,0.6614010507728381,,,
medium_hard_negative,lemon,lemon_3,left,stable,70-100,31,0.838765517357857,0.7279927769014912,0.7642843627160595,0.0003128793961819141,,,
medium_hard_negative,lemon,lemon_3,right,slip,28-35,8,0.9557360857725143,0.8889517784118652,0.9033074527978897,0.49659793707087374,,,
medium_hard_negative,lemon,lemon_3,right,stable,70-100,31,0.9268927016565877,0.8316122601109166,0.8519214103298802,0.00013871051264539993,,,
medium_hard_negative,lemon,lemon_4,left,slip,36-41,6,0.9904525776704153,0.9544061024983724,0.9607153038183848,0.9508696794509888,,,
medium_hard_negative,lemon,lemon_4,left,stable,70-100,31,0.8941453849115679,0.7740757599953683,0.8019890150716228,0.00019423766277595274,,,
medium_hard_negative,lemon,lemon_4,right,slip,36-41,6,0.982330729564031,0.9267522891362509,0.9367167154947916,0.8845179378986359,,,
medium_hard_negative,lemon,lemon_4,right,stable,70-100,31,0.848854164923391,0.7028380555491294,0.7382275058377173,0.0009607906085288813,,,
medium_hard_negative,lemon,lemon_5,left,slip,34-41,8,0.9710656479001045,0.8956122919917107,0.906142108142376,0.6474383126369503,,,
medium_hard_negative,lemon,lemon_5,left,stable,70-100,31,0.9512510318909922,0.8433568323812177,0.8572891739106947,6.155827190189982e-05,,,
medium_hard_negative,lemon,lemon_5,right,slip,34-41,8,0.992920495569706,0.9568995758891106,0.961895652115345,0.9993089288473129,,,
medium_hard_negative,lemon,lemon_5,right,stable,70-100,31,0.9317309164231823,0.8223072501920885,0.8373333504123073,4.3227190490729444e-05,,,
medium_hard_negative,banana,banana_1,left,slip,30-33,4,,,,0.3099287406730582,0.298430551204143,0.30221715031505036,0.30172709430813927
medium_hard_negative,banana,banana_1,left,stable,40-70,31,,,,0.0006364761033065377,0.00020219680994402995,0.0003372209151960069,0.0004038737080512776
medium_hard_negative,banana,banana_1,right,slip,28-32,5,,,,0.6404838020855095,0.6330710807432773,0.6337117945422539,0.6323899047744929
medium_hard_negative,banana,banana_1,right,stable,40-70,31,,,,0.08854844815082728,0.07964234885275892,0.08206018356989311,0.08225055968946618
medium_hard_negative,banana,banana_2,left,slip,33-40,8,,,,0.9337000846862793,0.8929760271440359,0.9033478804849016,0.9009516321507842
medium_hard_negative,banana,banana_2,left,stable,60-90,31,,,,0.7203845533752634,0.6828313786674955,0.6954470916494803,0.6946369625998497
medium_hard_negative,banana,banana_2,right,slip,29-40,12,,,,0.885589265730232,0.8686724992417668,0.8746648155312142,0.8732199477650103
medium_hard_negative,banana,banana_2,right,stable,60-90,31,,,,0.2940995891788794,0.24586458936332925,0.26623416738428923,0.2689025573726103
medium_hard_negative,cucumber,cucumber_1,left,slip,35-75,41,,,,0.838228254578808,0.8315945825518638,0.8328823573882774,0.8313520303225176
medium_hard_negative,cucumber,cucumber_1,right,slip,48-73,26,,,,0.9835023811230292,0.974647511722018,0.977020797969862,0.9752159683757209
medium_hard_negative,cucumber,cucumber_2,left,slip,39-52,14,,,,0.8618623419398708,0.850807884369738,0.8530212953678701,0.851476278410608
medium_hard_negative,cucumber,cucumber_2,right,slip,38-51,14,,,,0.9962837398052216,0.9754846797742578,0.977805856213071,0.9746703060339902
medium_hard_negative,cucumber,cucumber_3,left,slip,40-62,23,,,,0.5914712701399011,0.5840535140036721,0.5845471085930543,0.5829886228880531
medium_hard_negative,cucumber,cucumber_3,left,stable,80-110,31,,,,0.025088781505943306,0.023393102043248373,0.024017050561356047,0.024014257455502924
medium_hard_negative,cucumber,cucumber_3,right,slip,41-64,24,,,,0.9358138769554595,0.9165139742946641,0.923982649231147,0.9218845810585158
medium_hard_negative,cucumber,cucumber_3,right,stable,80-110,31,,,,0.03925123442745497,0.0244683015245573,0.02990640271064005,0.03138694689726105
medium_hard_negative,hammer,hammer_1,left,slip,50-80,31,,,,0.9999341310993317,0.9900883060636155,0.9670881490063526,0.9678889542433383
medium_hard_negative,hammer,hammer_1,right,slip,50-80,31,,,,0.9999957776838734,0.998100904770136,0.9935691522177147,0.9933283251855793
medium_hard_negative,hammer,hammer_2,left,slip,34-44,11,,,,0.9952287186275829,0.9818813072979221,0.9579738239680095,0.9600317555433713
medium_hard_negative,hammer,hammer_2,left,stable,90-116,27,,,,0.7231657328429045,0.7022264551394884,0.676491635415187,0.6817239279872447
medium_hard_negative,hammer,hammer_2,right,slip,34-41,8,,,,0.9999760687351227,0.9953245858348234,0.9856362906683405,0.9847621331077043
medium_hard_negative,hammer,hammer_2,right,stable,90-116,27,,,,0.41854129842034093,0.4036511748227479,0.39259965412520637,0.39505466981415593
medium_hard_negative,hammer,hammer_3,left,slip,40-70,31,,,,0.9999300433743384,0.9913921738409627,0.9749545596233312,0.9751688057339972
medium_hard_negative,hammer,hammer_3,right,slip,40-70,31,,,,0.9999975735141385,0.9977972276228975,0.9940834375350538,0.9940349596424224
medium_hard_negative,lemon,lemon_1,left,slip,34-37,4,,,,0.6038568305957597,0.5932914192538113,0.5959608332014665,0.5943298806883959
medium_hard_negative,lemon,lemon_1,left,stable,50-80,31,,,,0.0005271686140106119,0.0003529335121759719,0.00041472424337001007,0.00042684360101469715
medium_hard_negative,lemon,lemon_1,right,slip,31-34,4,,,,0.4999121908986126,0.4948835983175924,0.4964787635735443,0.4954132007038001
medium_hard_negative,lemon,lemon_1,right,stable,50-80,31,,,,0.007234544748620641,0.005599673121898074,0.006441352271595884,0.006519713010790046
medium_hard_negative,lemon,lemon_2,left,slip,31-37,7,,,,0.6019256020995921,0.5907770996429063,0.5479196270325768,0.554713130637999
medium_hard_negative,lemon,lemon_2,left,stable,60-90,31,,,,4.399750938436257e-05,4.0127852383757494e-05,3.4236296784387405e-05,3.5401182943571345e-05
medium_hard_negative,lemon,lemon_2,right,slip,28-35,8,,,,0.577252867560901,0.5688954498313631,0.5337786140864902,0.5392314031451831
medium_hard_negative,lemon,lemon_2,right,stable,60-90,31,,,,2.9083592380629852e-05,2.628065971554828e-05,2.2388267253272003e-05,2.3059711316527937e-05
medium_hard_negative,lemon,lemon_3,left,slip,28-35,8,,,,0.6614010507728381,0.6415400398341248,0.5947485159162434,0.6045813803127265
medium_hard_negative,lemon,lemon_3,left,stable,70-100,31,,,,0.0003128793961819141,0.0002623420085827125,0.00022766219902255346,0.0002390294804784665
medium_hard_negative,lemon,lemon_3,right,slip,28-35,8,,,,0.49659793707087374,0.4944415045060049,0.48441651937859054,0.48629552028014394
medium_hard_negative,lemon,lemon_3,right,stable,70-100,31,,,,0.00013871051264539993,0.00012845320594099806,0.00011516282009488151,0.00011800074767852168
medium_hard_negative,lemon,lemon_4,left,slip,36-41,6,,,,0.9508696794509888,0.9424546743964667,0.9097876540520785,0.9154267913405517
medium_hard_negative,lemon,lemon_4,left,stable,70-100,31,,,,0.00019423766277595274,0.00017376435433507013,0.00015047978735712085,0.0001558895436723134
medium_hard_negative,lemon,lemon_4,right,slip,36-41,6,,,,0.8845179378986359,0.872082902773632,0.8279638501340987,0.8355314564061503
medium_hard_negative,lemon,lemon_4,right,stable,70-100,31,,,,0.0009607906085288813,0.0008157274373263399,0.0006754374939565597,0.0007094290851996963
medium_hard_negative,lemon,lemon_5,left,slip,34-41,8,,,,0.6474383126369503,0.6413508396502533,0.6126424738121152,0.6163475566766157
medium_hard_negative,lemon,lemon_5,left,stable,70-100,31,,,,6.155827190189982e-05,5.862725593650339e-05,5.209139891243898e-05,5.293524723563271e-05
medium_hard_negative,lemon,lemon_5,right,slip,34-41,8,,,,0.9993089288473129,0.9922358733987657,0.9562446705602681,0.9612362888175463
medium_hard_negative,lemon,lemon_5,right,stable,70-100,31,,,,4.3227190490729444e-05,4.029548526310252e-05,3.5580198570044815e-05,3.622811287696359e-05
transition_redefined,banana,banana_1,left,slip,30-33,4,0.47892729938030243,0.5756878703832626,0.6829039305448532,0.3099287406730582,,,
transition_redefined,banana,banana_1,left,stable,40-70,31,0.15199863333855906,0.26615183968697825,0.3912281605505174,0.0006364761033065377,,,
transition_redefined,banana,banana_1,right,slip,28-32,5,0.7753713488578796,0.7587029457092285,0.7681811332702637,0.6404838020855095,,,
transition_redefined,banana,banana_1,right,stable,40-70,31,0.7404476692599635,0.8561913140358464,0.8800367328428453,0.08854844815082728,,,
transition_redefined,banana,banana_2,left,slip,33-40,8,0.7944394797086716,0.8679961264133453,0.8763548508286476,0.9337000846862793,,,
transition_redefined,banana,banana_2,left,stable,60-90,31,0.8868566424615921,0.9353711970390812,0.9444323739697856,0.7203845533752634,,,
transition_redefined,banana,banana_2,right,slip,29-40,12,0.8650232404470444,0.8769032061100006,0.8743049701054891,0.885589265730232,,,
transition_redefined,banana,banana_2,right,stable,60-90,31,0.5856884198804055,0.750178002542065,0.8062493647298505,0.2940995891788794,,,
transition_redefined,cucumber,cucumber_1,left,slip,35-75,41,0.9344864967392712,0.9659939669981236,0.97456083065126,0.838228254578808,,,
transition_redefined,cucumber,cucumber_1,right,slip,48-73,26,0.9730360347491044,0.9811177391272324,0.9803246007515833,0.9835023811230292,,,
transition_redefined,cucumber,cucumber_2,left,slip,39-52,14,0.9148002479757581,0.9477918999535697,0.9590717128344944,0.8618623419398708,,,
transition_redefined,cucumber,cucumber_2,right,slip,38-51,14,0.968795793397086,0.9756999569279807,0.9723965397902897,0.9962837398052216,,,
transition_redefined,cucumber,cucumber_3,left,slip,40-62,23,0.8292376580445663,0.8951627197472946,0.9170395135879517,0.5914712701399011,,,
transition_redefined,cucumber,cucumber_3,left,stable,80-110,31,0.828941124100839,0.9158177356566152,0.9396491858267015,0.025088781505943306,,,
transition_redefined,cucumber,cucumber_3,right,slip,41-64,24,0.9475985219081243,0.9692159965634346,0.9754377181331316,0.9358138769554595,,,
transition_redefined,cucumber,cucumber_3,right,stable,80-110,31,0.46409397740517894,0.6016557101280459,0.6766366727890507,0.03925123442745497,,,
transition_redefined,hammer,hammer_1,left,slip,50-80,31,0.9275635788517613,0.904860169656815,0.900086720143595,0.9999341310993317,,,
transition_redefined,hammer,hammer_1,right,slip,50-80,31,0.9976748247300425,0.9936590252384063,0.9921736678769512,0.9999957776838734,,,
transition_redefined,hammer,hammer_2,left,slip,34-44,11,0.9692596955732866,0.9276167533614419,0.9267582622441378,0.9952287186275829,,,
transition_redefined,hammer,hammer_2,left,stable,90-116,27,0.9886367497620759,0.9825547293380454,0.9839992721875509,0.7231657328429045,,,
transition_redefined,hammer,hammer_2,right,slip,34-41,8,0.9630994871258736,0.9596367254853249,0.9621315971016884,0.9999760687351227,,,
transition_redefined,hammer,hammer_2,right,stable,90-116,27,0.9820838460215816,0.9813690295925847,0.9851781924565634,0.41854129842034093,,,
transition_redefined,hammer,hammer_3,left,slip,40-70,31,0.9654578355050856,0.945907065945287,0.941961290374879,0.9999300433743384,,,
transition_redefined,hammer,hammer_3,right,slip,40-70,31,0.998824454122974,0.9968538284301758,0.996223799643978,0.9999975735141385,,,
transition_redefined,lemon,lemon_1,left,slip,34-37,4,0.9008299708366394,0.947779193520546,0.9562852084636688,0.6038568305957597,,,
transition_redefined,lemon,lemon_1,left,stable,50-80,31,0.5494246098303026,0.7367838217366126,0.7985431513478679,0.0005271686140106119,,,
transition_redefined,lemon,lemon_1,right,slip,31-34,4,0.6663406938314438,0.7231711149215698,0.7444421797990799,0.4999121908986126,,,
transition_redefined,lemon,lemon_1,right,stable,50-80,31,0.6679415087546071,0.8662613264976009,0.9084184304360421,0.007234544748620641,,,
transition_redefined,lemon,lemon_2,left,slip,31-37,7,0.9586723106248038,0.9010502696037292,0.8749927452632359,0.6019256020995921,,,
transition_redefined,lemon,lemon_2,left,stable,60-90,31,0.8865182226704013,0.8121182514775184,0.8435477979721562,4.399750938436257e-05,,,
transition_redefined,lemon,lemon_2,right,slip,28-35,8,0.9420364499092102,0.883771724998951,0.8647605329751968,0.577252867560901,,,
transition_redefined,lemon,lemon_2,right,stable,60-90,31,0.89808798989942,0.8320175101680141,0.8577734308858072,2.9083592380629852e-05,,,
transition_redefined,lemon,lemon_3,left,slip,28-35,8,0.9117843508720398,0.8840333074331284,0.890303261578083,0.6614010507728381,,,
transition_redefined,lemon,lemon_3,left,stable,70-100,31,0.7863900430740849,0.8107655625189504,0.8700296609632431,0.0003128793961819141,,,
transition_redefined,lemon,lemon_3,right,slip,28-35,8,0.9109320491552353,0.909000962972641,0.9252141937613487,0.49659793707087374,,,
transition_redefined,lemon,lemon_3,right,stable,70-100,31,0.9234818566230035,0.906946022664347,0.9269648771132192,0.00013871051264539993,,,
transition_redefined,lemon,lemon_4,left,slip,36-41,6,0.9967245558897654,0.9831945399443308,0.9721653064092001,0.9508696794509888,,,
transition_redefined,lemon,lemon_4,left,stable,70-100,31,0.8810787335518868,0.8497580674386793,0.8868473402915462,0.00019423766277595274,,,
transition_redefined,lemon,lemon_4,right,slip,36-41,6,0.9401402473449707,0.9207655390103658,0.9077963431676229,0.8845179378986359,,,
transition_redefined,lemon,lemon_4,right,stable,70-100,31,0.8338069511998084,0.7706499388141017,0.810930278993422,0.0009607906085288813,,,
transition_redefined,lemon,lemon_5,left,slip,34-41,8,0.9478742405772209,0.8780878931283951,0.8483063280582428,0.6474383126369503,,,
transition_redefined,lemon,lemon_5,left,stable,70-100,31,0.9355511434616581,0.8458010227449478,0.8608359156116363,6.155827190189982e-05,,,
transition_redefined,lemon,lemon_5,right,slip,34-41,8,0.9938236996531487,0.9634914323687553,0.9334064424037933,0.9993089288473129,,,
transition_redefined,lemon,lemon_5,right,stable,70-100,31,0.9160268864324016,0.8469323592801248,0.8677417251371569,4.3227190490729444e-05,,,
transition_redefined,banana,banana_1,left,slip,30-33,4,,,,0.3099287406730582,0.2305561854649237,0.23604251105590818,0.25480477613132907
transition_redefined,banana,banana_1,left,stable,40-70,31,,,,0.0006364761033065377,9.347297077665533e-05,0.00017318640662830788,0.000250725975329974
transition_redefined,banana,banana_1,right,slip,28-32,5,,,,0.6404838020855095,0.5859021728722162,0.5771850640225449,0.5741419529806772
transition_redefined,banana,banana_1,right,stable,40-70,31,,,,0.08854844815082728,0.07959502874148641,0.08338361633232531,0.08402740564651555
transition_redefined,banana,banana_2,left,slip,33-40,8,,,,0.9337000846862793,0.7337260525630303,0.8050882299757918,0.8130803663890291
transition_redefined,banana,banana_2,left,stable,60-90,31,,,,0.7203845533752634,0.6741221001305756,0.6928215986670345,0.6956720729692352
transition_redefined,banana,banana_2,right,slip,29-40,12,,,,0.885589265730232,0.8318415797621973,0.8427445987367124,0.8386085764365213
transition_redefined,banana,banana_2,right,stable,60-90,31,,,,0.2940995891788794,0.22188747266591397,0.25572019369710364,0.2649477777734662
transition_redefined,cucumber,cucumber_1,left,slip,35-75,41,,,,0.838228254578808,0.8322878380317211,0.8323203981967099,0.8316630814536611
transition_redefined,cucumber,cucumber_1,right,slip,48-73,26,,,,0.9835023811230292,0.9577453304752539,0.9651504500210824,0.9643465288513245
transition_redefined,cucumber,cucumber_2,left,slip,39-52,14,,,,0.8618623419398708,0.8500753871224509,0.8530035001963573,0.8529413692563581
transition_redefined,cucumber,cucumber_2,right,slip,38-51,14,,,,0.9962837398052216,0.9652225581872044,0.9720740201023652,0.9687666988905183
transition_redefined,cucumber,cucumber_3,left,slip,40-62,23,,,,0.5914712701399011,0.5742827144117766,0.5779684121474513,0.5784430827162157
transition_redefined,cucumber,cucumber_3,left,stable,80-110,31,,,,0.025088781505943306,0.022153429473617058,0.0235589921220228,0.02396431665929258
transition_redefined,cucumber,cucumber_3,right,slip,41-64,24,,,,0.9358138769554595,0.9016690307349536,0.9127963634090404,0.9161530930538152
transition_redefined,cucumber,cucumber_3,right,stable,80-110,31,,,,0.03925123442745497,0.021832287876665874,0.027112576995102607,0.029503994463308418
transition_redefined,hammer,hammer_1,left,slip,50-80,31,,,,0.9999341310993317,0.9274979412417356,0.9047947483332939,0.9000213521039954
transition_redefined,hammer,hammer_1,right,slip,50-80,31,,,,0.9999957776838734,0.9976706287368766,0.9936548723847609,0.9921695324696836
transition_redefined,hammer,hammer_2,left,slip,34-44,11,,,,0.9952287186275829,0.9645077979319591,0.9228826792021088,0.9220245543742142
transition_redefined,hammer,hammer_2,left,stable,90-116,27,,,,0.7231657328429045,0.7149480621852199,0.7105444879919965,0.711586095364729
transition_redefined,hammer,hammer_2,right,slip,34-41,8,,,,0.9999760687351227,0.9630757884246117,0.9596131558522236,0.9621080544825729
transition_redefined,hammer,hammer_2,right,stable,90-116,27,,,,0.41854129842034093,0.4121421049769687,0.4114737834042934,0.4127742767573775
transition_redefined,hammer,hammer_3,left,slip,40-70,31,,,,0.9999300433743384,0.9653882517542695,0.9458379999298292,0.9418923529595217
transition_redefined,hammer,hammer_3,right,slip,40-70,31,,,,0.9999975735141385,0.9988220317560901,0.9968514119194686,0.9962213846693966
transition_redefined,lemon,lemon_1,left,slip,34-37,4,,,,0.6038568305957597,0.5836510036585452,0.5894960108845773,0.5896313385631755
transition_redefined,lemon,lemon_1,left,stable,50-80,31,,,,0.0005271686140106119,0.00028890108738912544,0.0003859711339516996,0.0004187962491557529
transition_redefined,lemon,lemon_1,right,slip,31-34,4,,,,0.4999121908986126,0.49119116368026067,0.492820396590571,0.4926556245485464
transition_redefined,lemon,lemon_1,right,stable,50-80,31,,,,0.007234544748620641,0.00488939766701194,0.006323605462660066,0.00661823833755082
transition_redefined,lemon,lemon_2,left,slip,31-37,7,,,,0.6019256020995921,0.5954215412321557,0.5623033846864468,0.5318439473182353
transition_redefined,lemon,lemon_2,left,stable,60-90,31,,,,4.399750938436257e-05,3.9015890627928475e-05,3.574564726093026e-05,3.712609865004061e-05
transition_redefined,lemon,lemon_2,right,slip,28-35,8,,,,0.577252867560901,0.572966304303487,0.5473927784664955,0.5183797572318816
transition_redefined,lemon,lemon_2,right,stable,60-90,31,,,,2.9083592380629852e-05,2.6120735118253756e-05,2.4204884658951537e-05,2.495393159147236e-05
transition_redefined,lemon,lemon_3,left,slip,28-35,8,,,,0.6614010507728381,0.6406517133695785,0.6045453194983226,0.5922838963810307
transition_redefined,lemon,lemon_3,left,stable,70-100,31,,,,0.0003128793961819141,0.00024601127151810496,0.0002536081436076853,0.00027216928184045316
transition_redefined,lemon,lemon_3,right,slip,28-35,8,,,,0.49659793707087374,0.496235641288609,0.49356599926230876,0.48884896760440366
transition_redefined,lemon,lemon_3,right,stable,70-100,31,,,,0.00013871051264539993,0.00012799106923177652,0.00012571953569228694,0.00012852350575466462
transition_redefined,lemon,lemon_4,left,slip,36-41,6,,,,0.9508696794509888,0.947835672039604,0.9348673371400444,0.9240409795117804
transition_redefined,lemon,lemon_4,left,stable,70-100,31,,,,0.00019423766277595274,0.00017122064252863246,0.00016513594966082766,0.00017231594630164905
transition_redefined,lemon,lemon_4,right,slip,36-41,6,,,,0.8845179378986359,0.8543563724864368,0.8300929527212263,0.8110451395289893
transition_redefined,lemon,lemon_4,right,stable,70-100,31,,,,0.0009607906085288813,0.0008013345289221941,0.0007405485814990149,0.0007791956869132019
transition_redefined,lemon,lemon_5,left,slip,34-41,8,,,,0.6474383126369503,0.6436863191602206,0.6108950682714005,0.5700642537833844
transition_redefined,lemon,lemon_5,left,stable,70-100,31,,,,6.155827190189982e-05,5.768049914689909e-05,5.2223616576292326e-05,5.3117021807654735e-05
transition_redefined,lemon,lemon_5,right,slip,34-41,8,,,,0.9993089288473129,0.9931526050242043,0.962857847937681,0.9327683530972277
transition_redefined,lemon,lemon_5,right,stable,70-100,31,,,,4.3227190490729444e-05,3.9626583270121e-05,3.664676406414057e-05,3.7539181504562886e-05
