model,subset,horizon,mode,threshold,n,n_stable,n_slip,stable_mean,slip_mean,gap,accuracy,balanced_accuracy,f1,precision,recall,stable_accuracy,slip_recall,fp,fn,auroc,auprc
baseline_horizon_fix,overall,H1,raw,0.5,931,550,381,0.915304850990122,0.9870956851428575,0.07179083415273546,0.4092373791621912,0.5,0.5807926829268293,0.4092373791621912,1.0,0.0,1.0,550,0,0.9225387735623958,0.9205070660708531
baseline_horizon_fix,overall,H1,mul_gate,0.5,931,550,381,0.11820651932030994,0.8747464569102581,0.7565399375899482,0.8807733619763695,0.8821546170365068,0.8593155893536122,0.8308823529411765,0.889763779527559,0.8745454545454545,0.889763779527559,69,42,0.9376091624910523,0.9487329282619086
baseline_horizon_fix,overall,H1,sqrt_gate,0.5,931,550,381,0.17740397054161364,0.8898925746092037,0.7124886040675901,0.8625134264232008,0.8679098067287043,0.8423645320197044,0.7935034802784223,0.8976377952755905,0.8381818181818181,0.8976377952755905,89,39,0.9379861608208064,0.9492900948765803
baseline_horizon_fix,overall,H1,avg_blend,0.5,931,550,381,0.5188617923590738,0.9321232036230989,0.41326141126402505,0.8442534908700322,0.8536649964209019,0.8263473053892215,0.7599118942731278,0.905511811023622,0.8018181818181818,0.905511811023622,109,36,0.9394464328322595,0.9505388509222346
baseline_horizon_fix,overall,H3,raw,0.5,931,550,381,0.9436207732287321,0.991221975310268,0.047601202081535954,0.4092373791621912,0.5,0.5807926829268293,0.4092373791621912,1.0,0.0,1.0,550,0,0.9041493676926747,0.894063170479711
baseline_horizon_fix,overall,H3,mul_gate,0.5,931,550,381,0.11923249072256507,0.8754175981590983,0.7561851074365332,0.878625134264232,0.8803364352183249,0.8571428571428571,0.8268292682926829,0.889763779527559,0.8709090909090909,0.889763779527559,71,42,0.9374469100453352,0.9484947556076437
baseline_horizon_fix,overall,H3,sqrt_gate,0.5,931,550,381,0.1800046238922278,0.8907919835765159,0.7107873596842881,0.8625134264232008,0.8679098067287043,0.8423645320197044,0.7935034802784223,0.8976377952755905,0.8381818181818181,0.8976377952755905,89,39,0.9378477690288713,0.9490853034296481
baseline_horizon_fix,overall,H3,avg_blend,0.5,931,550,381,0.5330197534783788,0.9341863487068042,0.40116659522842535,0.8388829215896885,0.8503292770221904,0.8226950354609929,0.7483870967741936,0.9133858267716536,0.7872727272727272,0.9133858267716536,117,33,0.9367167740396086,0.9490637996577383
baseline_horizon_fix,overall,H5,raw,0.5,931,550,381,0.9558079842003909,0.9930535811451789,0.03724559694478802,0.4092373791621912,0.5,0.5807926829268293,0.4092373791621912,1.0,0.0,1.0,550,0,0.9041756144118349,0.8951518782503567
baseline_horizon_fix,overall,H5,mul_gate,0.5,931,550,381,0.11988204121695353,0.8757398984898915,0.755857857272938,0.878625134264232,0.8803364352183249,0.8571428571428571,0.8268292682926829,0.889763779527559,0.8709090909090909,0.889763779527559,71,42,0.9373991887377714,0.9484270293884586
baseline_horizon_fix,overall,H5,sqrt_gate,0.5,931,550,381,0.18166928347234623,0.8912197496283312,0.7095504661559849,0.8625134264232008,0.8679098067287043,0.8423645320197044,0.7935034802784223,0.8976377952755905,0.8381818181818181,0.8976377952755905,89,39,0.9377093772369363,0.94891621954675
baseline_horizon_fix,overall,H5,avg_blend,0.5,931,550,381,0.5391133589642083,0.9351021516242596,0.39598879266005127,0.8281417830290011,0.8412383679312814,0.8130841121495327,0.7326315789473684,0.9133858267716536,0.769090909090909,0.9133858267716536,127,33,0.9350942495824387,0.9479832828229525
medium_hard_negative,overall,H1,raw,0.5,931,550,381,0.8221804475784302,0.9698454005511727,0.1476649529727425,0.45542427497314714,0.5382844189930804,0.5992094861660079,0.4287330316742081,0.994750656167979,0.08181818181818182,0.994750656167979,505,2,0.9309520400858983,0.9411134591320868
medium_hard_negative,overall,H1,mul_gate,0.5,931,550,381,0.11425381893778551,0.8674696431651181,0.7532158242273326,0.882921589688507,0.8839727988546886,0.8614993646759848,0.8349753694581281,0.889763779527559,0.8781818181818182,0.889763779527559,67,42,0.9380720591744213,0.9488603359953597
medium_hard_negative,overall,H1,sqrt_gate,0.5,931,550,381,0.16741093662673776,0.8818566673809851,0.7144457307542473,0.8646616541353384,0.8697279885468862,0.8444444444444444,0.7972027972027972,0.8976377952755905,0.8418181818181818,0.8976377952755905,87,39,0.9386733476497257,0.9494067440897496
medium_hard_negative,overall,H1,avg_blend,0.5,931,550,381,0.4722995906532279,0.9234980613272565,0.45119847067402863,0.8517722878625135,0.8600286327845383,0.8333333333333334,0.7718120805369127,0.905511811023622,0.8145454545454546,0.905511811023622,102,36,0.9344929611071343,0.9472530248929376
medium_hard_negative,overall,H3,raw,0.5,931,550,381,0.8107503350214524,0.961903893572139,0.15115355855068657,0.4317937701396348,0.5186876640419947,0.5896043444530644,0.4185022026431718,0.9973753280839895,0.04,0.9973753280839895,528,1,0.9241517537580528,0.9251296221231797
medium_hard_negative,overall,H3,mul_gate,0.5,931,550,381,0.11483049636798465,0.8588775873910963,0.7440470910231116,0.8796992481203008,0.8812455261274159,0.8582278481012658,0.8288508557457213,0.889763779527559,0.8727272727272727,0.889763779527559,70,42,0.9369744691004533,0.9473646620394071
medium_hard_negative,overall,H3,sqrt_gate,0.5,931,550,381,0.17079342854519647,0.8731733204139008,0.7023798918687043,0.8646616541353384,0.8693247434979718,0.844059405940594,0.7985948477751756,0.89501312335958,0.8436363636363636,0.89501312335958,86,40,0.9363636363636363,0.945615161342341
medium_hard_negative,overall,H3,avg_blend,0.5,931,550,381,0.46658453437473907,0.9195273078377396,0.45294277346300055,0.8464017185821697,0.8558864232879981,0.8287425149700599,0.762114537444934,0.9081364829396326,0.8036363636363636,0.9081364829396326,108,35,0.9424003817704605,0.9495316519438055
medium_hard_negative,overall,H5,raw,0.5,931,550,381,0.8347924573854967,0.9644776143114085,0.12968515692591187,0.4189044038668099,0.5081818181818182,0.5848042977743668,0.41323210412147504,1.0,0.016363636363636365,1.0,541,0,0.926795514197089,0.9283495358663307
medium_hard_negative,overall,H5,mul_gate,0.5,931,550,381,0.11541869900265855,0.8590208107394075,0.743602111736749,0.8796992481203008,0.8812455261274159,0.8582278481012658,0.8288508557457213,0.889763779527559,0.8727272727272727,0.889763779527559,70,42,0.9371128608923884,0.9477143268237542
medium_hard_negative,overall,H5,sqrt_gate,0.5,931,550,381,0.17254124570251866,0.8734849161515013,0.7009436704489826,0.8646616541353384,0.8693247434979718,0.844059405940594,0.7985948477751756,0.89501312335958,0.8436363636363636,0.89501312335958,86,40,0.9365879265091865,0.9463898776498287
medium_hard_negative,overall,H5,avg_blend,0.5,931,550,381,0.47860559555676113,0.9208141682073744,0.44220857265061325,0.8453276047261009,0.8549773323789072,0.8277511961722488,0.7604395604395604,0.9081364829396326,0.8018181818181818,0.9081364829396326,109,35,0.9431352899069435,0.9501258551286845
transition_redefined,overall,H1,raw,0.5,931,550,381,0.769519677920775,0.9331244020637252,0.16360472414295013,0.47690655209452204,0.5528370317346696,0.6030969845150774,0.4373522458628842,0.9711286089238845,0.13454545454545455,0.9711286089238845,476,11,0.8564829396325462,0.8699867242860935
transition_redefined,overall,H1,mul_gate,0.5,931,550,381,0.1131798879276853,0.8502112920527176,0.7370314041250323,0.8764769065520945,0.8765020281555714,0.8531289910600255,0.8308457711442786,0.8766404199475065,0.8763636363636363,0.8766404199475065,68,47,0.9319494154139825,0.9427847231987813
transition_redefined,overall,H1,sqrt_gate,0.5,931,550,381,0.16237473804816305,0.8629394477896163,0.7005647097414532,0.8625134264232008,0.8658935814841326,0.8403990024937655,0.8004750593824228,0.884514435695538,0.8472727272727273,0.884514435695538,84,44,0.9276401813409687,0.9392503862523265
transition_redefined,overall,H1,avg_blend,0.5,931,550,381,0.4459692058244003,0.9051375620835328,0.4591683562591325,0.8549946294307197,0.861546170365068,0.8351648351648352,0.7808219178082192,0.8976377952755905,0.8254545454545454,0.8976377952755905,96,39,0.9166404199475064,0.9355073835817231
transition_redefined,overall,H3,raw,0.5,931,550,381,0.806784239357168,0.9369534305700167,0.13016919121284865,0.4522019334049409,0.5331376759723216,0.5939490445859873,0.42628571428571427,0.979002624671916,0.08727272727272728,0.979002624671916,502,8,0.8419470293486041,0.8482324420312191
transition_redefined,overall,H3,mul_gate,0.5,931,550,381,0.11656875294515481,0.8447962934330154,0.7282275404878606,0.874328678839957,0.875087091386304,0.8513341804320204,0.8251231527093597,0.8792650918635171,0.8709090909090909,0.8792650918635171,71,46,0.931395848246242,0.9412015301682323
transition_redefined,overall,H3,sqrt_gate,0.5,931,550,381,0.1712579914493494,0.8581464134130345,0.6868884219636852,0.8582169709989259,0.8618539727988547,0.835820895522388,0.7943262411347518,0.8818897637795275,0.8418181818181818,0.8818897637795275,87,45,0.925235027439752,0.9356595844964141
transition_redefined,overall,H3,avg_blend,0.5,931,550,381,0.4646014865425968,0.9070520763366785,0.4424505897940817,0.8442534908700322,0.8528585063230733,0.825511432009627,0.7622222222222222,0.9002624671916011,0.8054545454545454,0.9002624671916011,107,38,0.917580529706514,0.9348221400660672
transition_redefined,overall,H5,raw,0.5,931,550,381,0.8446065629612316,0.9385884024026826,0.093981839441451,0.44038668098818473,0.5239441660701504,0.5900865460267506,0.42134831460674155,0.984251968503937,0.06363636363636363,0.984251968503937,515,6,0.8107850155094248,0.8157459418976023
transition_redefined,overall,H5,mul_gate,0.5,931,550,381,0.11758524795976663,0.8406424166464425,0.7230571686866758,0.874328678839957,0.875087091386304,0.8513341804320204,0.8251231527093597,0.8792650918635171,0.8709090909090909,0.8792650918635171,71,46,0.9307134335480791,0.939527286657604
transition_redefined,overall,H5,sqrt_gate,0.5,931,550,381,0.17447598667389813,0.8543480797458928,0.6798720930719946,0.8582169709989259,0.862257217847769,0.8362282878411911,0.7929411764705883,0.884514435695538,0.84,0.884514435695538,88,44,0.9236506800286328,0.9323352766587434
transition_redefined,overall,H5,avg_blend,0.5,931,550,381,0.4835126483446286,0.9078695622530114,0.4243569139083828,0.8388829215896885,0.8483130517776187,0.8205741626794258,0.7538461538461538,0.9002624671916011,0.7963636363636364,0.9002624671916011,112,38,0.9202004294917681,0.9345429068797166
