split,object,window_type,n,stable_n,slip_n,p_slip_current_mean,p_slip_current_max,p_instability_H1_mean,p_instability_H1_max,p_instability_H3_mean,p_instability_H3_max,p_instability_H5_mean,p_instability_H5_max,p_calibrated_instability_mean,p_calibrated_instability_max
test,cucumber,slip,34,0,34,0.913362341494683,0.9999997615814209,0.9798711538314819,0.999992311000824,0.9982710866367116,0.9999997019767761,0.9993992360199199,1.0,0.9421704252133543,0.9996111846708424
test,hammer,slip,62,0,62,0.9999638084442385,0.9999997615814209,1.0,1.0,1.0,1.0,1.0,1.0,0.9788471318558855,0.9969088819968521
test,lemon,slip,46,0,46,0.6528165160104792,0.9999994039535522,1.0,1.0,1.0,1.0,1.0,1.0,0.7407859601656755,0.9945242852662672
test,lemon,stable,124,124,0,0.0003149534467147239,0.0015193182043731213,1.0,1.0,1.0,1.0,1.0,1.0,0.22523617043765284,0.3795977122120069
train,banana,slip,22,0,22,0.39619158132898685,0.9999651908874512,0.8386287147348578,0.9999822378158569,0.9936321757056497,0.9999998211860657,0.9981159838763151,1.0,0.5701075944088834,0.9955232711984616
train,banana,stable,62,62,0,0.04459246731435527,0.5554478764533997,0.5501750044284328,0.9754989147186279,0.8823515205614029,0.9997026324272156,0.9006342743673632,0.9999992251396179,0.21981236774303142,0.9154962139102681
train,cucumber,slip,112,0,112,0.7248294918785315,0.9999996423721313,0.9070646975721631,0.9999856948852539,0.9946558635149684,0.9999998211860657,0.998878724873066,1.0,0.8490946623234746,0.9976855108472613
train,cucumber,stable,62,62,0,0.032170001580755433,0.24068839848041534,0.60998331442956,0.9810267090797424,0.9082959717319857,0.9999712109565735,0.964559938638441,0.9999999403953552,0.240687212216541,0.6386040361892129
train,hammer,slip,62,0,62,0.9999649543916026,0.9999997615814209,1.0,1.0,1.0,1.0,1.0,1.0,0.9824771121854736,0.9968131770267009
train,lemon,slip,50,0,50,0.47846809257382117,0.9999995231628418,0.9170697283744812,1.0,0.9979711675643921,1.0,0.9998225498199463,1.0,0.5932894686453735,0.9896567578060623
train,lemon,stable,124,124,0,0.001958698032922257,0.07603277266025543,0.8188127865714412,1.0,0.9686455779498623,1.0,0.9801835936884726,1.0,0.15842884171303734,0.22411711529580056
val,banana,slip,30,0,30,0.8353966749738901,0.999901533126831,0.8845320026079814,0.999975860118866,0.9535852551460267,0.9999996423721313,0.9620063543319702,1.0,0.8747386886429018,0.9964281218515837
val,banana,stable,62,62,0,0.5072420523802359,0.9691216945648193,0.8357635563419711,0.9842084646224976,0.982654349457833,0.996284544467926,0.9937208631346303,0.9996750950813293,0.732977745814893,0.991506814222001
val,hammer,slip,42,0,42,0.8403240314551762,0.9999985694885254,1.0,1.0,1.0,1.0,1.0,1.0,0.9285198037104702,0.988974154065102
val,hammer,stable,54,54,0,0.5708534781027723,0.7580592632293701,1.0,1.0,1.0,1.0,1.0,1.0,0.8133913978313322,0.9471130157404946
val,lemon,slip,22,0,22,0.602927377308416,0.9999991655349731,1.0,1.0,1.0,1.0,1.0,1.0,0.6961017430392982,0.998349445723515
val,lemon,stable,62,62,0,0.00022579496157226048,0.0005588387721218169,1.0,1.0,1.0,1.0,1.0,1.0,0.18317847877134444,0.25202307215921893
