split,sequence,side,window_type,n,stable_n,slip_n,p_slip_current_mean,p_slip_current_max,p_instability_H1_mean,p_instability_H1_max,p_instability_H3_mean,p_instability_H3_max,p_instability_H5_mean,p_instability_H5_max,p_calibrated_instability_mean,p_calibrated_instability_max
test,cucumber_2,left,slip,17,0,17,0.829785630435628,0.9999997615814209,0.9612645015997046,0.999992311000824,0.9986468834035537,0.9999997019767761,0.9998526503058041,1.0,0.886320481851047,0.9991185465154058
test,cucumber_2,right,slip,17,0,17,0.9969390525537378,0.9999997615814209,0.9984778060632593,0.9999414682388306,0.9978952898698694,0.9999980926513672,0.9989458217340357,1.0,0.9980203685756618,0.9996111846708424
test,hammer_3,left,slip,31,0,31,0.9999300433743384,0.9999997615814209,1.0,1.0,1.0,1.0,1.0,1.0,0.9713646122267885,0.9969088819968521
test,hammer_3,right,slip,31,0,31,0.9999975735141385,0.9999997615814209,1.0,1.0,1.0,1.0,1.0,1.0,0.9863296514849823,0.9955572621267339
test,lemon_4,left,slip,11,0,11,0.5192653784232045,0.9999676942825317,1.0,1.0,1.0,1.0,1.0,1.0,0.6188672699927306,0.9919668916962837
test,lemon_4,left,stable,31,31,0,0.000194237687185617,0.00025751342764124274,1.0,1.0,1.0,1.0,1.0,1.0,0.1663917272970646,0.17361382826450125
test,lemon_4,right,slip,11,0,11,0.7098555626845072,0.9999617338180542,1.0,1.0,1.0,1.0,1.0,1.0,0.8074010959318557,0.9945242852662672
test,lemon_4,right,stable,31,31,0,0.0009607906310608791,0.0015193182043731213,1.0,1.0,1.0,1.0,1.0,1.0,0.2550124801266355,0.2636450580231128
test,lemon_5,left,slip,12,0,12,0.5149955929124795,0.9999985694885254,1.0,1.0,1.0,1.0,1.0,1.0,0.618533924306844,0.9908142246915013
test,lemon_5,left,stable,31,31,0,6.155826110531757e-05,0.00010704025044105947,1.0,1.0,1.0,1.0,1.0,1.0,0.23635199024242765,0.3795977122120069
test,lemon_5,right,slip,12,0,12,0.8607735224456216,0.9999994039535522,1.0,1.0,1.0,1.0,1.0,1.0,0.9137329208973751,0.993661478252194
test,lemon_5,right,stable,31,31,0,4.322720750708193e-05,7.100084621924907e-05,1.0,1.0,1.0,1.0,1.0,1.0,0.24318848408448349,0.3062085506335705
train,banana_1,left,slip,11,0,11,0.25103731715220917,0.7534469366073608,0.7980293685739691,0.9970248937606812,0.9997894926504656,0.9999921321868896,0.9999991926279935,1.0,0.4093076436742061,0.9028414578719817
train,banana_1,left,stable,31,31,0,0.0006364762502339398,0.001510791713371873,0.47330399097934844,0.762103796005249,0.9881172814676839,0.9997026324272156,0.9998159331660117,0.9999992251396179,0.1371535570906871,0.28816615987379074
train,banana_1,right,slip,11,0,11,0.5413458455057646,0.9999651908874512,0.8792280608957465,0.9999822378158569,0.9874748587608337,0.9999998211860657,0.9962327751246366,1.0,0.7309075451435606,0.9955232711984616
train,banana_1,right,stable,31,31,0,0.08854845837847661,0.5554478764533997,0.6270460178775172,0.9754989147186279,0.7765857596551219,0.9966384172439575,0.8014526155687147,0.9996614456176758,0.30247117839537563,0.9154962139102681
train,cucumber_1,left,slip,31,0,31,0.6830532755552374,0.9999996423721313,0.9196473686925827,0.9999856948852539,0.9989980343849428,0.9999998211860657,0.9999518529061349,1.0,0.7990935056522923,0.995812523228239
train,cucumber_1,right,slip,31,0,31,0.6860032949102054,0.9999961853027344,0.8950940428241607,0.9996280670166016,0.9883954813403468,0.999963104724884,0.9964530929442375,0.9999998211860657,0.8344381865147255,0.9972205367195726
train,cucumber_3,left,slip,25,0,25,0.6175475343017024,0.9999995231628418,0.9879422092437744,0.999955415725708,0.9999405646324158,0.9999995231628418,0.9999993348121643,1.0,0.8307281147304504,0.9976855108472613
train,cucumber_3,left,stable,31,31,0,0.025088780150268105,0.24068839848041534,0.915321821166623,0.9810267090797424,0.9996786213690235,0.9999712109565735,0.9999948009367912,0.9999999403953552,0.3323997041632456,0.6386040361892129
train,cucumber_3,right,slip,25,0,25,0.9320584419369697,0.9999977350234985,0.8254282855987549,0.9860233664512634,0.9917497444152832,0.9999310374259949,0.9994352197647095,0.9999997019767761,0.9476366741916145,0.9910367393883451
train,cucumber_3,right,stable,31,31,0,0.039251223011242765,0.13548779487609863,0.304644807692497,0.7914884090423584,0.816913322094948,0.9995078444480896,0.9291250763400909,0.9999960064888,0.14897472026983635,0.24759269752623977
train,hammer_1,left,slip,31,0,31,0.9999341310993317,0.9999994039535522,1.0,1.0,1.0,1.0,1.0,1.0,0.9768333419886679,0.9944702699991729
train,hammer_1,right,slip,31,0,31,0.9999957776838734,0.9999997615814209,1.0,1.0,1.0,1.0,1.0,1.0,0.9881208823822796,0.9968131770267009
train,lemon_1,left,slip,12,0,12,0.3558671486316598,0.9559294581413269,0.9064505894978842,0.9993491768836975,0.9963451127211252,0.999779224395752,0.9995879928270975,0.9999889135360718,0.5084855332314783,0.9817549425529339
train,lemon_1,left,stable,31,31,0,0.0005271683532496795,0.0020346040837466717,0.5894222547931056,0.796162486076355,0.8771386242681934,0.9933410882949829,0.9208183096301171,0.999300479888916,0.1318135302042806,0.19298569540509092
train,lemon_1,right,slip,12,0,12,0.4165916623981805,0.9999895095825195,0.7480066120624542,0.999433696269989,0.995201418797175,0.999986469745636,0.9996726314226786,0.9999999403953552,0.5051247856792821,0.9877388588277143
train,lemon_1,right,stable,31,31,0,0.007234542653144848,0.07603277266025543,0.685828891492659,0.7948769927024841,0.9974436875312559,0.9989408254623413,0.9999160651237734,0.9999808073043823,0.16520458798989449,0.22411711529580056
train,lemon_2,left,slip,13,0,13,0.5391921787209307,0.9963040351867676,1.0,1.0,1.0,1.0,1.0,1.0,0.6787256623969556,0.9841483546180211
train,lemon_2,left,stable,31,31,0,4.39975262833609e-05,5.99937338847667e-05,1.0,1.0,1.0,1.0,1.0,1.0,0.18047124848515841,0.19005945771925095
train,lemon_2,right,slip,13,0,13,0.5880308133046828,0.9999995231628418,1.0,1.0,1.0,1.0,1.0,1.0,0.6675166149368559,0.9896567578060623
train,lemon_2,right,stable,31,31,0,2.9083599011139613e-05,4.022041684947908e-05,1.0,1.0,1.0,1.0,1.0,1.0,0.1562260001728157,0.16425490548932156
val,banana_2,left,slip,15,0,15,0.9597628871599834,0.9969346523284912,0.9553203622500102,0.9908438920974731,0.9861826022466024,0.9969395995140076,0.9940075159072876,0.9994322061538696,0.9879364849287403,0.9945250310682399
val,banana_2,left,stable,31,31,0,0.7203845443174003,0.9691216945648193,0.8894389521691107,0.9842084646224976,0.9786417676556495,0.995400607585907,0.9901606671271785,0.9990326762199402,0.8661104741800771,0.991506814222001
val,banana_2,right,slip,15,0,15,0.711030462787797,0.999901533126831,0.8137436429659526,0.999975860118866,0.9209879080454508,0.9999996423721313,0.9300051927566528,1.0,0.7615408923570631,0.9964281218515837
val,banana_2,right,stable,31,31,0,0.29409956044307156,0.7763450145721436,0.7820881605148315,0.9619156718254089,0.9866669312600167,0.996284544467926,0.997281059142082,0.9996750950813293,0.5998450174497085,0.9755218227155946
val,hammer_2,left,slip,21,0,21,0.8919419277281988,0.9999957084655762,1.0,1.0,1.0,1.0,1.0,1.0,0.9563369152927934,0.9865452330315494
val,hammer_2,left,stable,27,27,0,0.7231657372580634,0.7580592632293701,1.0,1.0,1.0,1.0,1.0,1.0,0.934234644515523,0.9471130157404946
val,hammer_2,right,slip,21,0,21,0.7887061351821536,0.9999985694885254,1.0,1.0,1.0,1.0,1.0,1.0,0.9007026921281467,0.988974154065102
val,hammer_2,right,stable,27,27,0,0.41854121894748125,0.7380265593528748,1.0,1.0,1.0,1.0,1.0,1.0,0.6925481511471412,0.9454286920157415
val,lemon_3,left,slip,11,0,11,0.6628713169907727,0.9999966621398926,1.0,1.0,1.0,1.0,1.0,1.0,0.7414333811869739,0.989910062677832
val,lemon_3,left,stable,31,31,0,0.00031287936895575013,0.0005588387721218169,1.0,1.0,1.0,1.0,1.0,1.0,0.15999021066056793,0.170911403370457
val,lemon_3,right,slip,11,0,11,0.542983437626059,0.9999991655349731,1.0,1.0,1.0,1.0,1.0,1.0,0.6507701048916226,0.998349445723515
val,lemon_3,right,stable,31,31,0,0.0001387105541887708,0.00022626452846452594,1.0,1.0,1.0,1.0,1.0,1.0,0.20636674688212092,0.25202307215921893
