split,side,window_type,n,stable_n,slip_n,p_slip_current_mean,p_slip_current_max,p_instability_H1_mean,p_instability_H1_max,p_instability_H3_mean,p_instability_H3_max,p_instability_H5_mean,p_instability_H5_max,p_calibrated_instability_mean,p_calibrated_instability_max
test,left,slip,71,0,71,0.8027613146424672,0.9999997615814209,0.9907253031999292,1.0,0.9996760143360621,1.0,0.9999647190873052,1.0,0.8367563131281748,0.9991185465154058
test,left,stable,62,62,0,0.00012789797414546728,0.00025751342764124274,1.0,1.0,1.0,1.0,1.0,1.0,0.20137185876974617,0.3795977122120069
test,right,slip,71,0,71,0.9307828469187166,0.9999997615814209,0.9996355310292311,1.0,0.9994960553209546,1.0,0.999747591119417,1.0,0.949137641800558,0.9996111846708424
test,right,stable,62,62,0,0.0005020089192839805,0.0015193182043731213,1.0,1.0,1.0,1.0,1.0,1.0,0.24910048210555952,0.3062085506335705
train,left,slip,123,0,123,0.6638423785321994,0.9999996423721313,0.9501085673890463,1.0,0.9993599914922947,1.0,0.99994746214006,1.0,0.7743868230527273,0.9976855108472613
train,left,stable,124,124,0,0.006574105570008771,0.24068839848041534,0.7445120167347693,1.0,0.9662336317762252,1.0,0.98015726093323,1.0,0.19545950998584297,0.6386040361892129
train,right,slip,123,0,123,0.7655750985458791,0.9999997615814209,0.9026927681473212,1.0,0.9938101138525862,1.0,0.9986224266571727,1.0,0.8371499545488389,0.9972205367195726
train,right,stable,124,124,0,0.03376582691046884,0.5554478764533997,0.6543799292656683,1.0,0.8977356923203315,1.0,0.9326234392581447,1.0,0.19321912170698055,0.9154962139102681
val,left,slip,47,0,47,0.859974644182775,0.9999966621398926,0.9857405411436203,1.0,0.9955901922063625,1.0,0.9980875050767939,1.0,0.916125312513542,0.9945250310682399
val,left,stable,89,89,0,0.47041679820499716,0.9691216945648193,0.9614899721038476,1.0,0.9925606157002824,1.0,0.9965728166398038,1.0,0.6408253554154957,0.991506814222001
val,right,slip,47,0,47,0.7064064594580602,0.9999991655349731,0.9405564817976444,1.0,0.9747833749081226,1.0,0.9776612317308466,1.0,0.7977944909330822,0.998349445723515
val,right,stable,89,89,0,0.22946066643255128,0.7763450145721436,0.9240981233253908,1.0,0.9953558974051744,1.0,0.9990529531843206,1.0,0.49091421095797216,0.9755218227155946
