sequence,object,window_type,window_index,window_start,window_end,target_instability,split,n_sides,sides,p_slip_current_side_mean_fusion,p_slip_current_side_max_fusion,p_instability_H1_side_mean_fusion,p_instability_H1_side_max_fusion,p_instability_H3_side_mean_fusion,p_instability_H3_side_max_fusion,p_instability_H5_side_mean_fusion,p_instability_H5_side_max_fusion,p_calibrated_instability_side_mean_fusion,p_calibrated_instability_side_max_fusion
banana_1,banana,slip,0,27,37,1,train,2,left+right,0.3961915813289869,0.5413458455057646,0.8386287147348578,0.8792280608957465,0.9936321757056497,0.9997894926504656,0.9981159838763151,0.9999991926279935,0.5701075944088834,0.7309075451435606
banana_1,banana,stable,0,40,70,0,train,2,left+right,0.044592467314355275,0.08854845837847661,0.5501750044284328,0.6270460178775172,0.8823515205614029,0.9881172814676839,0.9006342743673632,0.9998159331660117,0.21981236774303137,0.30247117839537563
banana_2,banana,slip,0,26,40,1,val,2,left+right,0.8353966749738901,0.9597628871599834,0.8845320026079814,0.9553203622500102,0.9535852551460267,0.9861826022466024,0.9620063543319702,0.9940075159072876,0.8747386886429017,0.9879364849287403
banana_2,banana,stable,0,60,90,0,val,2,left+right,0.5072420523802359,0.7203845443174003,0.8357635563419712,0.8894389521691107,0.982654349457833,0.9866669312600167,0.9937208631346303,0.997281059142082,0.7329777458148928,0.8661104741800771
cucumber_1,cucumber,slip,0,30,60,1,train,2,left+right,0.6845282852327215,0.6860032949102054,0.9073707057583718,0.9196473686925827,0.9936967578626448,0.9989980343849428,0.9982024729251862,0.9999518529061349,0.8167658460835089,0.8344381865147255
cucumber_2,cucumber,slip,0,38,54,1,test,2,left+right,0.913362341494683,0.9969390525537378,0.9798711538314819,0.9984778060632593,0.9982710866367115,0.9986468834035537,0.9993992360199199,0.9998526503058041,0.9421704252133544,0.9980203685756618
cucumber_3,cucumber,slip,0,40,64,1,train,2,left+right,0.7748029881193361,0.9320584419369697,0.9066852474212647,0.9879422092437744,0.9958451545238495,0.9999405646324158,0.9997172772884368,0.9999993348121643,0.8891823944610324,0.9476366741916145
cucumber_3,cucumber,stable,0,80,110,0,train,2,left+right,0.032170001580755433,0.039251223011242765,0.60998331442956,0.915321821166623,0.9082959717319858,0.9996786213690235,0.964559938638441,0.9999948009367912,0.240687212216541,0.3323997041632456
hammer_1,hammer,slip,0,50,80,1,train,2,left+right,0.9999649543916025,0.9999957776838734,1.0,1.0,1.0,1.0,1.0,1.0,0.9824771121854737,0.9881208823822796
hammer_2,hammer,slip,0,34,54,1,val,2,left+right,0.8403240314551762,0.8919419277281988,1.0,1.0,1.0,1.0,1.0,1.0,0.92851980371047,0.9563369152927934
hammer_2,hammer,stable,0,90,116,0,val,2,left+right,0.5708534781027723,0.7231657372580634,1.0,1.0,1.0,1.0,1.0,1.0,0.8133913978313321,0.934234644515523
hammer_3,hammer,slip,0,40,70,1,test,2,left+right,0.9999638084442385,0.9999975735141385,1.0,1.0,1.0,1.0,1.0,1.0,0.9788471318558853,0.9863296514849823
lemon_1,lemon,slip,0,28,39,1,train,2,left+right,0.38622940551492013,0.4165916623981805,0.8272286007801692,0.9064505894978842,0.9957732657591502,0.9963451127211252,0.9996303121248881,0.9996726314226786,0.5068051594553802,0.5084855332314783
lemon_1,lemon,stable,0,50,80,0,train,2,left+right,0.0038808555031972637,0.007234542653144848,0.6376255731428824,0.685828891492659,0.9372911558997247,0.9974436875312559,0.9603671873769453,0.9999160651237734,0.14850905909708756,0.16520458798989449
lemon_2,lemon,slip,0,28,40,1,train,2,left+right,0.5636114960128067,0.5880308133046828,1.0,1.0,1.0,1.0,1.0,1.0,0.6731211386669058,0.6787256623969556
lemon_2,lemon,stable,0,60,90,0,train,2,left+right,3.6540562647250255e-05,4.39975262833609e-05,1.0,1.0,1.0,1.0,1.0,1.0,0.16834862432898706,0.18047124848515841
lemon_3,lemon,slip,0,27,37,1,val,2,left+right,0.6029273773084158,0.6628713169907727,1.0,1.0,1.0,1.0,1.0,1.0,0.6961017430392982,0.7414333811869739
lemon_3,lemon,stable,0,70,100,0,val,2,left+right,0.00022579496157226048,0.00031287936895575013,1.0,1.0,1.0,1.0,1.0,1.0,0.1831784787713444,0.20636674688212092
lemon_4,lemon,slip,0,31,41,1,test,2,left+right,0.6145604705538559,0.7098555626845072,1.0,1.0,1.0,1.0,1.0,1.0,0.7131341829622931,0.8074010959318557
lemon_4,lemon,stable,0,70,100,0,test,2,left+right,0.0005775141591232481,0.0009607906310608791,1.0,1.0,1.0,1.0,1.0,1.0,0.21070210371185005,0.2550124801266355
lemon_5,lemon,slip,0,31,42,1,test,2,left+right,0.6878845576790505,0.8607735224456216,1.0,1.0,1.0,1.0,1.0,1.0,0.7661334226021095,0.9137329208973751
lemon_5,lemon,stable,0,70,100,0,test,2,left+right,5.2392734306199744e-05,6.155826110531757e-05,1.0,1.0,1.0,1.0,1.0,1.0,0.23977023716345558,0.24318848408448349
