method,score_key,n,n_stable,n_slip,threshold,stable_mean,slip_mean,slip_minus_stable_gap,auroc,auprc,accuracy,balanced_accuracy,precision,recall,specificity,f1,tp,fp,tn,fn,level,split_design
fusion_p_slip_current_side_mean_fusion_thresholded,p_slip_current_side_mean_fusion,6,2,4,0.5720000000000001,0.00031495344671472395,0.8039427945429569,0.8036278410962422,1.0,1.0,1.0,1.0,1.0,1.0,1.0,1.0,4,0,2,0,side_fusion,sequence_split
fusion_p_slip_current_side_mean_fusion@0.5,p_slip_current_side_mean_fusion,6,2,4,0.5,0.00031495344671472395,0.8039427945429569,0.8036278410962422,1.0,1.0,1.0,1.0,1.0,1.0,1.0,1.0,4,0,2,0,side_fusion,sequence_split
fusion_p_slip_current_side_max_fusion_thresholded,p_slip_current_side_max_fusion,6,2,4,0.724,0.0005111744460830983,0.8918914277995013,0.8913802533534182,1.0,1.0,0.8333333333333334,0.875,1.0,0.75,1.0,0.8571428571428571,3,0,2,1,side_fusion,sequence_split
fusion_p_slip_current_side_max_fusion@0.5,p_slip_current_side_max_fusion,6,2,4,0.5,0.0005111744460830983,0.8918914277995013,0.8913802533534182,1.0,1.0,1.0,1.0,1.0,1.0,1.0,1.0,4,0,2,0,side_fusion,sequence_split
fusion_p_instability_H1_side_mean_fusion_thresholded,p_instability_H1_side_mean_fusion,6,2,4,0.836,1.0,0.9949677884578705,-0.005032211542129517,0.375,0.8541666666666666,0.6666666666666666,0.5,0.6666666666666666,1.0,0.0,0.8,4,2,0,0,side_fusion,sequence_split
fusion_p_instability_H1_side_mean_fusion@0.5,p_instability_H1_side_mean_fusion,6,2,4,0.5,1.0,0.9949677884578705,-0.005032211542129517,0.375,0.8541666666666666,0.6666666666666666,0.5,0.6666666666666666,1.0,0.0,0.8,4,2,0,0,side_fusion,sequence_split
fusion_p_instability_H1_side_max_fusion_thresholded,p_instability_H1_side_max_fusion,6,2,4,0.89,1.0,0.9996194515158148,-0.000380548484185228,0.375,0.8541666666666666,0.6666666666666666,0.5,0.6666666666666666,1.0,0.0,0.8,4,2,0,0,side_fusion,sequence_split
fusion_p_instability_H1_side_max_fusion@0.5,p_instability_H1_side_max_fusion,6,2,4,0.5,1.0,0.9996194515158148,-0.000380548484185228,0.375,0.8541666666666666,0.6666666666666666,0.5,0.6666666666666666,1.0,0.0,0.8,4,2,0,0,side_fusion,sequence_split
fusion_p_instability_H3_side_mean_fusion_thresholded,p_instability_H3_side_mean_fusion,6,2,4,0.5,1.0,0.9995677716591779,-0.00043222834082212724,0.375,0.8541666666666666,0.6666666666666666,0.5,0.6666666666666666,1.0,0.0,0.8,4,2,0,0,side_fusion,sequence_split
fusion_p_instability_H3_side_mean_fusion@0.5,p_instability_H3_side_mean_fusion,6,2,4,0.5,1.0,0.9995677716591779,-0.00043222834082212724,0.375,0.8541666666666666,0.6666666666666666,0.5,0.6666666666666666,1.0,0.0,0.8,4,2,0,0,side_fusion,sequence_split
fusion_p_instability_H3_side_max_fusion_thresholded,p_instability_H3_side_max_fusion,6,2,4,0.5,1.0,0.9996617208508884,-0.0003382791491115533,0.375,0.8541666666666666,0.6666666666666666,0.5,0.6666666666666666,1.0,0.0,0.8,4,2,0,0,side_fusion,sequence_split
fusion_p_instability_H3_side_max_fusion@0.5,p_instability_H3_side_max_fusion,6,2,4,0.5,1.0,0.9996617208508884,-0.0003382791491115533,0.375,0.8541666666666666,0.6666666666666666,0.5,0.6666666666666666,1.0,0.0,0.8,4,2,0,0,side_fusion,sequence_split
fusion_p_instability_H5_side_mean_fusion_thresholded,p_instability_H5_side_mean_fusion,6,2,4,0.5,1.0,0.99984980900498,-0.00015019099502000532,0.375,0.8541666666666666,0.6666666666666666,0.5,0.6666666666666666,1.0,0.0,0.8,4,2,0,0,side_fusion,sequence_split
fusion_p_instability_H5_side_mean_fusion@0.5,p_instability_H5_side_mean_fusion,6,2,4,0.5,1.0,0.99984980900498,-0.00015019099502000532,0.375,0.8541666666666666,0.6666666666666666,0.5,0.6666666666666666,1.0,0.0,0.8,4,2,0,0,side_fusion,sequence_split
fusion_p_instability_H5_side_max_fusion_thresholded,p_instability_H5_side_max_fusion,6,2,4,0.5,1.0,0.999963162576451,-3.683742354898545e-05,0.375,0.8541666666666666,0.6666666666666666,0.5,0.6666666666666666,1.0,0.0,0.8,4,2,0,0,side_fusion,sequence_split
fusion_p_instability_H5_side_max_fusion@0.5,p_instability_H5_side_max_fusion,6,2,4,0.5,1.0,0.999963162576451,-3.683742354898545e-05,0.375,0.8541666666666666,0.6666666666666666,0.5,0.6666666666666666,1.0,0.0,0.8,4,2,0,0,side_fusion,sequence_split
fusion_p_calibrated_instability_side_mean_fusion_thresholded,p_calibrated_instability_side_mean_fusion,6,2,4,0.8140000000000001,0.22523617043765282,0.8500712906584105,0.6248351202207576,1.0,1.0,0.6666666666666666,0.75,1.0,0.5,1.0,0.6666666666666666,2,0,2,2,side_fusion,sequence_split
fusion_p_calibrated_instability_side_mean_fusion@0.5,p_calibrated_instability_side_mean_fusion,6,2,4,0.5,0.22523617043765282,0.8500712906584105,0.6248351202207576,1.0,1.0,1.0,1.0,1.0,1.0,1.0,1.0,4,0,2,0,side_fusion,sequence_split
fusion_p_calibrated_instability_side_max_fusion_thresholded,p_calibrated_instability_side_max_fusion,6,2,4,0.936,0.24910048210555952,0.9263710092224687,0.6772705271169093,1.0,1.0,0.6666666666666666,0.75,1.0,0.5,1.0,0.6666666666666666,2,0,2,2,side_fusion,sequence_split
fusion_p_calibrated_instability_side_max_fusion@0.5,p_calibrated_instability_side_max_fusion,6,2,4,0.5,0.24910048210555952,0.9263710092224687,0.6772705271169093,1.0,1.0,1.0,1.0,1.0,1.0,1.0,1.0,4,0,2,0,side_fusion,sequence_split
