tag,mean_auprc,mean_auroc,mean_f1,mean_balanced_accuracy,mean_stable_saturation_ge_0p99,H1_auprc,H3_auprc,H5_auprc,checkpoint,loss_mode,split_name
old_head_val_all,0.9896366954387242,0.9935452948001998,0.952412104618412,0.9607892279338118,9.090082719752749e-05,0.9950922512958372,0.9935661730702289,0.9802516619501065,/vla1/zjy/sparsh_runs/force_slip_phase4/phase_lambda_best_future_features_20260528_000000/heads/phase_lambda_best_full_20260528_000000/checkpoints/best.pth,,
all_source_baseline_bce,0.9564033927732359,0.9651771613488741,0.9119841679027276,0.9224051905949023,6.060055146501833e-05,0.9834175011278562,0.9566303081714943,0.9291623690203573,/vla1/zjy/sparsh_runs/force_slip_future_head_horizon_fix/20260529_223000/heads/all_source_baseline_bce/checkpoints/best.pth,baseline_bce,all_source
all_source_balanced_bce,0.9572089350413938,0.9665526132472998,0.9177543329190679,0.9331030603935323,0.0005945714094446208,0.9837670413110499,0.9576046234853907,0.9302551403277408,/vla1/zjy/sparsh_runs/force_slip_future_head_horizon_fix/20260529_223000/heads/all_source_balanced_bce/checkpoints/best.pth,balanced_bce,all_source
all_source_balanced_bce_smooth,0.9591406129807423,0.9677922972564882,0.9154719008063162,0.9300313667221299,0.0,0.9860059234157095,0.9600712442413388,0.9313446712851783,/vla1/zjy/sparsh_runs/force_slip_future_head_horizon_fix/20260529_223000/heads/all_source_balanced_bce_smooth/checkpoints/best.pth,balanced_bce_smooth,all_source
flat_sharp_to_sphere_baseline_bce,0.940865349284152,0.9534612382376455,0.9092915179365973,0.9197382507195538,8.60326063578096e-05,0.9775135832924262,0.9395019651919806,0.9055804993680492,/vla1/zjy/sparsh_runs/force_slip_future_head_horizon_fix/20260529_223000/heads/flat_sharp_to_sphere_baseline_bce/checkpoints/best.pth,baseline_bce,flat_sharp_to_sphere
flat_sharp_to_sphere_balanced_bce,0.9395465982805814,0.9527724364329755,0.9062339253978468,0.9269454912547767,8.60326063578096e-05,0.9771247068982555,0.9378602927419704,0.9036547952015185,/vla1/zjy/sparsh_runs/force_slip_future_head_horizon_fix/20260529_223000/heads/flat_sharp_to_sphere_balanced_bce/checkpoints/best.pth,balanced_bce,flat_sharp_to_sphere
flat_sharp_to_sphere_balanced_bce_smooth,0.9410018271994192,0.9545641418723898,0.8961355256161991,0.9260824168739225,0.0,0.9782071765647086,0.9395510815523346,0.9052472234812142,/vla1/zjy/sparsh_runs/force_slip_future_head_horizon_fix/20260529_223000/heads/flat_sharp_to_sphere_balanced_bce_smooth/checkpoints/best.pth,balanced_bce_smooth,flat_sharp_to_sphere
flat_sphere_to_sharp_baseline_bce,0.9422147638428262,0.947328449800373,0.9133552796841263,0.9244979660299348,0.0,0.9760389200355195,0.9386975908196867,0.9119077806732724,/vla1/zjy/sparsh_runs/force_slip_future_head_horizon_fix/20260529_223000/heads/flat_sphere_to_sharp_baseline_bce/checkpoints/best.pth,baseline_bce,flat_sphere_to_sharp
flat_sphere_to_sharp_balanced_bce,0.944320043272215,0.9507766212744414,0.8463169081243315,0.8988495281324008,0.0003365303718660609,0.9761618985831032,0.941057947377175,0.9157402838563667,/vla1/zjy/sparsh_runs/force_slip_future_head_horizon_fix/20260529_223000/heads/flat_sphere_to_sharp_balanced_bce/checkpoints/best.pth,balanced_bce,flat_sphere_to_sharp
flat_sphere_to_sharp_balanced_bce_smooth,0.9466262532254196,0.9527635464260507,0.9117429927367219,0.92548773864495,0.0,0.9779801230736972,0.943810227775588,0.9180884088269737,/vla1/zjy/sparsh_runs/force_slip_future_head_horizon_fix/20260529_223000/heads/flat_sphere_to_sharp_balanced_bce_smooth/checkpoints/best.pth,balanced_bce_smooth,flat_sphere_to_sharp
sharp_sphere_to_flat_baseline_bce,0.9654580943843952,0.9592731757910725,0.9135153174473633,0.9245378602074482,0.0,0.9871601283278139,0.9657266502274346,0.9434875045979371,/vla1/zjy/sparsh_runs/force_slip_future_head_horizon_fix/20260529_223000/heads/sharp_sphere_to_flat_baseline_bce/checkpoints/best.pth,baseline_bce,sharp_sphere_to_flat
sharp_sphere_to_flat_balanced_bce,0.9713762027160296,0.9677415407191218,0.9173255408850892,0.9276749980260193,0.0,0.9884781621500329,0.9724128828648443,0.9532375631332116,/vla1/zjy/sparsh_runs/force_slip_future_head_horizon_fix/20260529_223000/heads/sharp_sphere_to_flat_balanced_bce/checkpoints/best.pth,balanced_bce,sharp_sphere_to_flat
sharp_sphere_to_flat_balanced_bce_smooth,0.9751465422338957,0.973173326829364,0.78025619709813,0.7926225355262263,0.0,0.9912867346613808,0.9761773873419012,0.9579755046984052,/vla1/zjy/sparsh_runs/force_slip_future_head_horizon_fix/20260529_223000/heads/sharp_sphere_to_flat_balanced_bce_smooth/checkpoints/best.pth,balanced_bce_smooth,sharp_sphere_to_flat
