tag,subset,horizon,n,positive_ratio,mean_stable_label_score,mean_inst_label_score,std_stable_label_score,std_inst_label_score,gap,saturation_ge_0p99,stable_saturation_ge_0p99,inst_saturation_ge_0p99,f1,accuracy,balanced_accuracy,precision,recall,auroc,auprc
old_all_source,all,H1,14328,0.23220268006700168,0.009835133329033852,0.948319137096405,0.05913599207997322,0.1908998191356659,0.9384840130805969,0.20819374651032943,0.0002727024815925825,0.8957018334836189,0.9653799019607843,0.9842266890005583,0.9712772238346395,0.9843798812870977,0.9470994890291554,0.9978151561323483,0.9950922512958372
old_all_source,all,H3,14328,0.26214405360134,0.016348086297512054,0.9377953410148621,0.08282335847616196,0.1985889971256256,0.9214472770690918,0.21803461753210496,0.0,0.8317358892438764,0.9567333693888589,0.9776661083193746,0.9661557021440685,0.971978021978022,0.9419595314164004,0.9969210191931023,0.9935661730702289
old_all_source,all,H5,14328,0.2916666666666667,0.031076038256287575,0.9003742337226868,0.08751264214515686,0.25779101252555847,0.8692982196807861,0.23220268006700168,0.0,0.7961234745154343,0.9351230425055929,0.9635678391959799,0.9449347578227272,0.9728471683475562,0.9002153625269204,0.9858997090751488,0.9802516619501065
old_all_source,flat,H1,1811,0.34676974047487574,0.0245371051132679,0.9480291604995728,0.0985664501786232,0.1796155422925949,0.9234920740127563,0.3009387078961899,0.0,0.8678343949044586,0.9637389202256245,0.9751518498067366,0.9697748356494069,0.9755301794453507,0.9522292993630573,0.9968368231474553,0.9948471218808957
old_all_source,flat,H3,1811,0.390944229707344,0.03836388885974884,0.9385283589363098,0.13770192861557007,0.19719699025154114,0.9001644849777222,0.319712865819989,0.0,0.8177966101694916,0.9496096522356281,0.9607951408061844,0.9579517340996051,0.9543509272467903,0.9449152542372882,0.9947037099640939,0.992546935473332
old_all_source,flat,H5,1811,0.43401435670900057,0.046711791306734085,0.8926621675491333,0.15095318853855133,0.2727360427379608,0.8459503650665283,0.33959138597459965,0.0,0.7824427480916031,0.9232786885245902,0.9353948094975152,0.9307639793955191,0.952638700947226,0.8956743002544529,0.9833525724570223,0.9821381522498517
old_all_source,sharp,H1,2799,0.26080743122543765,0.011248433962464333,0.9442443251609802,0.059894584119319916,0.2012748271226883,0.9329959154129028,0.23329760628795998,0.0,0.8945205479452055,0.9635854341736695,0.9814219364058593,0.9688162503227686,0.9856733524355301,0.9424657534246575,0.9981037758959725,0.995157759934916
old_all_source,sharp,H3,2799,0.29224723115398354,0.023950278759002686,0.9359820485115051,0.10664217919111252,0.20447410643100739,0.9120317697525024,0.24115755627009647,0.0,0.8251833740831296,0.9499691167387276,0.9710610932475884,0.9619721708307158,0.9600499375780275,0.9400977995110025,0.996218353082894,0.9919641728386025
old_all_source,sharp,H5,2799,0.3229724901750625,0.04627840965986252,0.9074894189834595,0.1177048534154892,0.2498425841331482,0.8612110018730164,0.2597356198642372,0.0,0.8042035398230089,0.9320498301245753,0.9571275455519829,0.9449088775772294,0.9547563805104409,0.9103982300884956,0.9848600182128097,0.9792815521032054
old_all_source,sphere,H1,9718,0.20261370652397612,0.007213303353637457,0.9499223828315735,0.04983210191130638,0.19041794538497925,0.9427090883255005,0.1836797694998971,0.00038714672861014324,0.9050279329608939,0.9665716506867064,0.9867256637168141,0.971977543785692,0.9867724867724867,0.9471813103098019,0.9978463447600932,0.9953066538722445
old_all_source,sphere,H3,9718,0.22947108458530563,0.011093897745013237,0.9382279515266418,0.06139091029763222,0.19682690501213074,0.9271340370178223,0.1924264251903684,0.0,0.8385650224215246,0.9615384615384616,0.9827124922823626,0.9683146247748267,0.9822263797942001,0.9417040358744395,0.9974035886416772,0.9946509420804651
old_all_source,sphere,H5,9718,0.2561226589833299,0.024873916059732437,0.9002253413200378,0.06128205358982086,0.25569644570350647,0.8753514289855957,0.20426013583041777,0.0,0.7975090397750101,0.9400630914826499,0.970672977979008,0.9468313505138476,0.9863195057369815,0.8979509843310567,0.9903333416513916,0.9836920440072507
