object,sequence,group_level,n_windows,H1_pred_accuracy,H1_pred_inst_recall,H1H3H5_majority_pred_accuracy,H1H3H5_majority_pred_inst_recall,H_any_pred_accuracy,H_any_pred_inst_recall,side
banana,banana_1,object/sequence,4,0.75,1.0,0.5,1.0,0.5,1.0,
banana,banana_2,object/sequence,4,0.75,1.0,0.5,1.0,0.5,1.0,
cucumber,cucumber_1,object/sequence,2,1.0,1.0,1.0,1.0,1.0,1.0,
cucumber,cucumber_2,object/sequence,2,1.0,1.0,1.0,1.0,1.0,1.0,
cucumber,cucumber_3,object/sequence,4,0.5,1.0,0.5,1.0,0.5,1.0,
hammer,hammer_1,object/sequence,2,1.0,1.0,1.0,1.0,1.0,1.0,
hammer,hammer_2,object/sequence,4,0.5,1.0,0.5,1.0,0.5,1.0,
hammer,hammer_3,object/sequence,2,1.0,1.0,1.0,1.0,1.0,1.0,
lemon,lemon_1,object/sequence,4,1.0,1.0,0.5,1.0,0.5,1.0,
lemon,lemon_2,object/sequence,4,0.5,1.0,0.5,1.0,0.5,1.0,
lemon,lemon_3,object/sequence,4,0.5,1.0,0.5,1.0,0.5,1.0,
lemon,lemon_4,object/sequence,4,0.5,1.0,0.5,1.0,0.5,1.0,
lemon,lemon_5,object/sequence,4,0.5,1.0,0.5,1.0,0.5,1.0,
banana,banana_1,object/sequence/side,2,1.0,1.0,0.5,1.0,0.5,1.0,left
banana,banana_1,object/sequence/side,2,0.5,1.0,0.5,1.0,0.5,1.0,right
banana,banana_2,object/sequence/side,2,0.5,1.0,0.5,1.0,0.5,1.0,left
banana,banana_2,object/sequence/side,2,1.0,1.0,0.5,1.0,0.5,1.0,right
cucumber,cucumber_1,object/sequence/side,1,1.0,1.0,1.0,1.0,1.0,1.0,left
cucumber,cucumber_1,object/sequence/side,1,1.0,1.0,1.0,1.0,1.0,1.0,right
cucumber,cucumber_2,object/sequence/side,1,1.0,1.0,1.0,1.0,1.0,1.0,left
cucumber,cucumber_2,object/sequence/side,1,1.0,1.0,1.0,1.0,1.0,1.0,right
cucumber,cucumber_3,object/sequence/side,2,0.5,1.0,0.5,1.0,0.5,1.0,left
cucumber,cucumber_3,object/sequence/side,2,0.5,1.0,0.5,1.0,0.5,1.0,right
hammer,hammer_1,object/sequence/side,1,1.0,1.0,1.0,1.0,1.0,1.0,left
hammer,hammer_1,object/sequence/side,1,1.0,1.0,1.0,1.0,1.0,1.0,right
hammer,hammer_2,object/sequence/side,2,0.5,1.0,0.5,1.0,0.5,1.0,left
hammer,hammer_2,object/sequence/side,2,0.5,1.0,0.5,1.0,0.5,1.0,right
hammer,hammer_3,object/sequence/side,1,1.0,1.0,1.0,1.0,1.0,1.0,left
hammer,hammer_3,object/sequence/side,1,1.0,1.0,1.0,1.0,1.0,1.0,right
lemon,lemon_1,object/sequence/side,2,1.0,1.0,0.5,1.0,0.5,1.0,left
lemon,lemon_1,object/sequence/side,2,1.0,1.0,0.5,1.0,0.5,1.0,right
lemon,lemon_2,object/sequence/side,2,0.5,1.0,0.5,1.0,0.5,1.0,left
lemon,lemon_2,object/sequence/side,2,0.5,1.0,0.5,1.0,0.5,1.0,right
lemon,lemon_3,object/sequence/side,2,0.5,1.0,0.5,1.0,0.5,1.0,left
lemon,lemon_3,object/sequence/side,2,0.5,1.0,0.5,1.0,0.5,1.0,right
lemon,lemon_4,object/sequence/side,2,0.5,1.0,0.5,1.0,0.5,1.0,left
lemon,lemon_4,object/sequence/side,2,0.5,1.0,0.5,1.0,0.5,1.0,right
lemon,lemon_5,object/sequence/side,2,0.5,1.0,0.5,1.0,0.5,1.0,left
lemon,lemon_5,object/sequence/side,2,0.5,1.0,0.5,1.0,0.5,1.0,right
