object,sequence,side,window_type,window_start,window_end,target_instability,old_pred,new_pred,old_H1_mean,new_H1_mean,old_H1_sat_ge_0p99,new_H1_sat_ge_0p99,old_H3_mean,new_H3_mean,old_H3_sat_ge_0p99,new_H3_sat_ge_0p99,old_H5_mean,new_H5_mean,old_H5_sat_ge_0p99,new_H5_sat_ge_0p99
banana,banana_1,left,slip,27,37,1,1,1,0.7980293685739691,0.9285504709590565,0,0,0.9997894926504656,0.9697186621752653,1,0,0.9999991926279935,0.979971094564958,1,0
banana,banana_1,left,stable,40,70,0,,1,0.47330399097934844,0.8459976411634876,0,0,0.9881172814676839,0.9316582160611306,0,0,0.9998159331660117,0.9565424034672398,1,0
banana,banana_1,right,slip,27,37,1,1,1,0.8792280608957465,0.935568245974454,0,0,0.9874748587608337,0.9573368321765553,0,0,0.9962327751246366,0.9660039435733448,1,0
banana,banana_1,right,stable,40,70,0,1,1,0.6270460178775172,0.8755868750233804,0,0,0.7765857596551219,0.8964970188756143,0,0,0.8014526155687147,0.9137604351966612,0,0
banana,banana_2,left,slip,26,40,1,1,1,0.9553203622500102,0.9747668584187825,0,0,0.9861826022466024,0.9797605236371358,0,0,0.9940075159072876,0.9828253308931987,1,0
banana,banana_2,left,stable,60,90,0,1,1,0.8894389521691107,0.9238123297691345,0,0,0.9786417676556495,0.9409241560966738,0,0,0.9901606671271785,0.9502290391152904,1,0
banana,banana_2,right,slip,26,40,1,1,1,0.8137436429659526,0.8960325797398885,0,0,0.9209879080454508,0.9299234906832378,0,0,0.9300051927566528,0.9474852085113525,0,0
banana,banana_2,right,stable,60,90,0,1,1,0.7820881605148315,0.8014388757367288,0,0,0.9866669312600167,0.8416038001737287,0,0,0.997281059142082,0.8787405933103254,1,0
cucumber,cucumber_1,left,slip,30,60,1,1,1,0.9196473686925827,0.9532977304150981,0,0,0.9989980343849428,0.9678177372101815,1,0,0.9999518529061349,0.9749026894569397,1,0
cucumber,cucumber_1,right,slip,30,60,1,1,1,0.8950940428241607,0.9586469934832665,0,0,0.9883954813403468,0.9703161485733525,0,0,0.9964530929442375,0.9769565809157587,1,0
cucumber,cucumber_2,left,slip,38,54,1,1,1,0.9612645015997046,0.9503041260382709,0,0,0.9986468834035537,0.9586767273790696,1,0,0.9998526503058041,0.9662172128172482,1,0
cucumber,cucumber_2,right,slip,38,54,1,1,1,0.9984778060632593,0.99502212861005,1,1,0.9978952898698694,0.9953304669436287,1,1,0.9989458217340357,0.9961474783280316,1,1
cucumber,cucumber_3,left,slip,40,64,1,1,1,0.9879422092437744,0.9792171359062195,0,0,0.9999405646324158,0.9846939063072204,1,0,0.9999993348121643,0.9873445963859558,1,0
cucumber,cucumber_3,left,stable,80,110,0,1,1,0.915321821166623,0.9370856977278187,0,0,0.9996786213690235,0.9598283037062614,1,0,0.9999948009367912,0.9679707327196675,1,0
cucumber,cucumber_3,right,slip,40,64,1,1,1,0.8254282855987549,0.9950205183029175,0,1,0.9917497444152832,0.9966905736923217,1,1,0.9994352197647095,0.997738287448883,1,1
cucumber,cucumber_3,right,stable,80,110,0,,1,0.304644807692497,0.9250418639952137,0,0,0.816913322094948,0.9562565088272095,0,0,0.9291250763400909,0.9718502683024253,0,0
hammer,hammer_1,left,slip,50,80,1,1,1,1.0,0.9995776760962701,1,1,1.0,0.9997877017144234,1,1,1.0,0.9998179097329417,1,1
hammer,hammer_1,right,slip,50,80,1,1,1,1.0,0.9998832018144669,1,1,1.0,0.9999557810444986,1,1,1.0,0.9999633450661937,1,1
hammer,hammer_2,left,slip,34,54,1,1,1,1.0,0.998765786488851,1,1,1.0,0.9994413341794696,1,1,1.0,0.9995135295958746,1,1
hammer,hammer_2,left,stable,90,116,0,1,1,1.0,0.9975173914874041,1,1,1.0,0.9988556967841254,1,1,1.0,0.9990074899461534,1,1
hammer,hammer_2,right,slip,34,54,1,1,1,1.0,0.9983089225632804,1,1,1.0,0.999279587041764,1,1,1.0,0.9994286241985503,1,1
hammer,hammer_2,right,stable,90,116,0,1,1,1.0,0.9960377922764531,1,1,1.0,0.9984045470202411,1,1,1.0,0.9987308780352274,1,1
hammer,hammer_3,left,slip,40,70,1,1,1,1.0,0.9996262365771879,1,1,1.0,0.9998181000832589,1,1,1.0,0.9998513287113558,1,1
hammer,hammer_3,right,slip,40,70,1,1,1,1.0,0.9998307727998302,1,1,1.0,0.9999483535366673,1,1,1.0,0.9999572788515398,1,1
lemon,lemon_1,left,slip,28,39,1,1,1,0.9064505894978842,0.9021860311428705,0,0,0.9963451127211252,0.9154636164506277,1,0,0.9995879928270975,0.9320189505815506,1,0
lemon,lemon_1,left,stable,50,80,0,1,1,0.5894222547931056,0.7825757168954418,0,0,0.8771386242681934,0.8103102099510932,0,0,0.9208183096301171,0.8485963229210146,0,0
lemon,lemon_1,right,slip,28,39,1,1,1,0.7480066120624542,0.8730949014425278,0,0,0.995201418797175,0.8997583091259003,1,0,0.9996726314226786,0.9258905897537867,1,0
lemon,lemon_1,right,stable,50,80,0,1,1,0.685828891492659,0.8137924190490476,0,0,0.9974436875312559,0.8549374591919684,1,0,0.9999160651237734,0.8929642650388903,1,0
lemon,lemon_2,left,slip,28,40,1,1,1,1.0,0.9829709392327529,1,0,1.0,0.9932115261371319,1,1,1.0,0.9940746334882883,1,1
lemon,lemon_2,left,stable,60,90,0,1,1,1.0,0.9436381286190402,1,0,1.0,0.9763111510584431,1,0,1.0,0.9791149535486775,1,0
lemon,lemon_2,right,slip,28,40,1,1,1,1.0,0.9850576703365033,1,0,1.0,0.9923614080135639,1,1,1.0,0.9933129228078402,1,1
lemon,lemon_2,right,stable,60,90,0,1,1,1.0,0.9611167292441091,1,0,1.0,0.9788400165496334,1,0,1.0,0.9816826562727651,1,0
lemon,lemon_3,left,slip,27,37,1,1,1,1.0,0.9873386025428772,1,0,1.0,0.995852920142087,1,1,1.0,0.9967690922997214,1,1
lemon,lemon_3,left,stable,70,100,0,1,1,1.0,0.9519173272194401,1,0,1.0,0.9834771444720607,1,0,1.0,0.9869263595150363,1,0
lemon,lemon_3,right,slip,27,37,1,1,1,1.0,0.9868924671953375,1,0,1.0,0.9929834008216858,1,1,1.0,0.9938291257077997,1,1
lemon,lemon_3,right,stable,70,100,0,1,1,1.0,0.9582497650577176,1,0,1.0,0.9777034040420286,1,0,1.0,0.9807513971482554,1,0
lemon,lemon_4,left,slip,31,41,1,1,1,1.0,0.9825914068655535,1,0,1.0,0.9942093383182179,1,1,1.0,0.9951564452864907,1,1
lemon,lemon_4,left,stable,70,100,0,1,1,1.0,0.9621761133593898,1,0,1.0,0.9865925100541884,1,0,1.0,0.988914385918648,1,0
lemon,lemon_4,right,slip,31,41,1,1,1,1.0,0.98993995514783,1,0,1.0,0.996395311572335,1,1,1.0,0.997053709897128,1,1
lemon,lemon_4,right,stable,70,100,0,1,1,1.0,0.9429533212415634,1,0,1.0,0.9784354394482028,1,0,1.0,0.9824058740369735,1,0
lemon,lemon_5,left,slip,31,42,1,1,1,1.0,0.9818700850009918,1,0,1.0,0.992011954387029,1,1,1.0,0.9927425185839335,1,1
lemon,lemon_5,left,stable,70,100,0,1,1,1.0,0.9550849545386529,1,0,1.0,0.976773331242223,1,0,1.0,0.9794075335225751,1,0
lemon,lemon_5,right,slip,31,42,1,1,1,1.0,0.989637166261673,1,0,1.0,0.994576632976532,1,1,1.0,0.995016559958458,1,1
lemon,lemon_5,right,stable,70,100,0,1,1,1.0,0.9255446830103474,1,0,1.0,0.9553911666716298,1,0,1.0,0.9605562206237547,1,0
