type,path_or_label,dataset,trajectory,sample
figure,/home/zjy/document/tactile-grasp/sparsh-force-slip/reports/phase7/step6_case_visualization/figures/heldout_heldout_contact_case_sharp_batch_1_val_0.png,,,
figure,/home/zjy/document/tactile-grasp/sparsh-force-slip/reports/phase7/step6_case_visualization/figures/main_false_alarm_absence_check_sphere_batch_3_val_7.png,,,
figure,/home/zjy/document/tactile-grasp/sparsh-force-slip/reports/phase7/step6_case_visualization/figures/main_late_warning_flat_batch_1_val_17.png,,,
figure,/home/zjy/document/tactile-grasp/sparsh-force-slip/reports/phase7/step6_case_visualization/figures/main_missed_warning_absence_check_flat_batch_2_val_15.png,,,
figure,/home/zjy/document/tactile-grasp/sparsh-force-slip/reports/phase7/step6_case_visualization/figures/main_success_early_warning_sharp_batch_1_val_9.png,,,
figure,/home/zjy/document/tactile-grasp/sparsh-force-slip/reports/phase7/step6_case_visualization/figures/high_force_no_current_slip_sphere_batch_4_val_8.png,,,
figure,/home/zjy/document/tactile-grasp/sparsh-force-slip/reports/phase7/step6_case_visualization/figures/sharp_contact_case_sharp_batch_1_val_0.png,,,
figure,/home/zjy/document/tactile-grasp/sparsh-force-slip/reports/phase7/step6_case_visualization/figures/slip_with_low_friction_ratio_failure_sharp_batch_1_val_14.png,,,
figure,/home/zjy/document/tactile-grasp/sparsh-force-slip/reports/phase7/step6_case_visualization/figures/sphere_contact_case_sphere_batch_1_val_0.png,,,
figure,/home/zjy/document/tactile-grasp/sparsh-force-slip/reports/phase7/step6_case_visualization/figures/success_early_warning_flat_batch_1_val_2.png,,,
case,success_early_warning,sharp_batch_1_val,9,
case,late_warning,flat_batch_1_val,17,
case,missed_warning_absence_check,flat_batch_2_val,15,
case,false_alarm_absence_check,sphere_batch_3_val,7,
case,heldout_contact_case,sharp_batch_1_val,0,
